candidate_id,candidate_name,domain,jurisdiction,incumbent_standard,origin_or_formalization,lock_in_period,historical_objective,historical_constraints,historical_evidence,technology_change,other_changes,modern_decision_variable,outcomes,datasets,switching_costs,network_costs,regulation,safety,externalities,identifiability,tractability,comparability,source_quality,negative_control_suitability,tfsc_relevance,technology_mediated_relevance,historical_evidence_score,technology_relevance_score,decision_clarity_score,current_data_score,identifiability_score,counterfactual_feasibility_score,transition_cost_feasibility_score,source_quality_score,comparability_score,total_score,exclusion_flag,verification_status,screening_status,screening_reason
BE01,Fixed HVAC schedules,built_environment,International or jurisdiction-specific; verify before selection,Clock-based HVAC start/stop schedules,Building controls and energy-code practice,To be established from authoritative historical sources,Provide reliable building service with simple local controls.,"Sparse sensing, electromechanical controls, manual commissioning, and limited computation.",Candidate-level lead only; authoritative history not yet verified,Occupancy sensing and model-predictive control,"Energy prices, comfort expectations, building use, and climate.",Zone-level HVAC schedule and setpoints,"Energy, peak demand, comfort hours, air quality",Building Data Genome; EnergyPlus reference buildings,"Retrofit hardware, commissioning, controls integration, and training.",Building-management-system and vendor interoperability.,"Building, energy, accessibility, and fire codes vary by jurisdiction.","Indoor-air quality, egress, fire protection, and equipment limits must remain binding.","Energy demand, emissions, health, and peak-load effects.","Provisional; requires separation of technology from demographic, economic, regulatory, and behavioral change",Potentially tractable with public data or an explicitly calibrated open model; not yet verified,Comparable at the protocol level; outcome units remain case-specific,No retained candidate-specific source yet,Possible if the incumbent remains near-optimal,Technology-governance question concerning persistence under changed constraints,sensing; computation; adaptive control,1,3,2,1,1,1,1,0,1,11,,unverified_longlist,longlist,Plausible candidate retained for evidence-first screening; score excludes effect direction and magnitude
BE02,Constant ventilation rates,built_environment,International or jurisdiction-specific; verify before selection,Fixed outdoor-air rates by area or design occupancy,Ventilation standards and codes,To be established from authoritative historical sources,Provide reliable building service with simple local controls.,"Sparse sensing, electromechanical controls, manual commissioning, and limited computation.",Candidate-level lead only; authoritative history not yet verified,CO2 and occupancy-based demand-controlled ventilation,"Energy prices, comfort expectations, building use, and climate.",Outdoor-air flow by zone and time,"Energy, CO2 exposure, humidity, comfort",ASHRAE reference models; public indoor-air datasets,"Retrofit hardware, commissioning, controls integration, and training.",Building-management-system and vendor interoperability.,"Building, energy, accessibility, and fire codes vary by jurisdiction.","Indoor-air quality, egress, fire protection, and equipment limits must remain binding.","Energy demand, emissions, health, and peak-load effects.","Provisional; requires separation of technology from demographic, economic, regulatory, and behavioral change",Potentially tractable with public data or an explicitly calibrated open model; not yet verified,Comparable at the protocol level; outcome units remain case-specific,No retained candidate-specific source yet,Possible if the incumbent remains near-optimal,Technology-governance question concerning persistence under changed constraints,sensing; adaptive control,1,3,2,1,1,1,1,0,1,11,,unverified_longlist,longlist,Plausible candidate retained for evidence-first screening; score excludes effect direction and magnitude
BE03,Scheduled lighting,built_environment,International or jurisdiction-specific; verify before selection,Lights operated by fixed schedules or manual switches,Electrical and building operating practice,To be established from authoritative historical sources,Provide reliable building service with simple local controls.,"Sparse sensing, electromechanical controls, manual commissioning, and limited computation.",Candidate-level lead only; authoritative history not yet verified,Occupancy and daylight sensors with networked controls,"Energy prices, comfort expectations, building use, and climate.",Lighting level by zone and time,"Electricity, illuminance, occupant acceptance",DOE reference buildings; public smart-building traces,"Retrofit hardware, commissioning, controls integration, and training.",Building-management-system and vendor interoperability.,"Building, energy, accessibility, and fire codes vary by jurisdiction.","Indoor-air quality, egress, fire protection, and equipment limits must remain binding.","Energy demand, emissions, health, and peak-load effects.","Provisional; requires separation of technology from demographic, economic, regulatory, and behavioral change",Potentially tractable with public data or an explicitly calibrated open model; not yet verified,Comparable at the protocol level; outcome units remain case-specific,No retained candidate-specific source yet,Possible if the incumbent remains near-optimal,Technology-governance question concerning persistence under changed constraints,sensing; communication; automation,3,3,3,2,3,3,2,3,3,25,,selection_sources_persisted_and_checked,frozen_primary,Public minute-level occupancy data permit fixed-schedule and sensing-based lighting policies to be compared under explicit energy and false-off constraints.
BE04,Collective elevator dispatch,built_environment,International or jurisdiction-specific; verify before selection,Up/down collective elevator control,Elevator-control engineering practice,To be established from authoritative historical sources,Provide reliable building service with simple local controls.,"Sparse sensing, electromechanical controls, manual commissioning, and limited computation.",Candidate-level lead only; authoritative history not yet verified,Destination-control and predictive dispatch,"Energy prices, comfort expectations, building use, and climate.",Car assignment and zoning policy,"Wait time, journey time, energy, crowding",Open elevator traffic benchmarks and simulation,"Retrofit hardware, commissioning, controls integration, and training.",Building-management-system and vendor interoperability.,"Building, energy, accessibility, and fire codes vary by jurisdiction.","Indoor-air quality, egress, fire protection, and equipment limits must remain binding.","Energy demand, emissions, health, and peak-load effects.","Provisional; requires separation of technology from demographic, economic, regulatory, and behavioral change",Potentially tractable with public data or an explicitly calibrated open model; not yet verified,Comparable at the protocol level; outcome units remain case-specific,No retained candidate-specific source yet,Possible if the incumbent remains near-optimal,Technology-governance question concerning persistence under changed constraints,sensing; computation; adaptive control,1,3,2,1,1,1,1,0,1,11,,unverified_longlist,longlist,Plausible candidate retained for evidence-first screening; score excludes effect direction and magnitude
BE05,Periodic fire-system inspection,built_environment,International or jurisdiction-specific; verify before selection,Calendar-based inspection and testing,Fire codes and maintenance standards,To be established from authoritative historical sources,Provide reliable building service with simple local controls.,"Sparse sensing, electromechanical controls, manual commissioning, and limited computation.",Candidate-level lead only; authoritative history not yet verified,Remote diagnostics and continuously monitored components,"Energy prices, comfort expectations, building use, and climate.",Inspection interval and condition trigger,"Failure detection, downtime, cost, false alerts",Authority inspection records; device reliability studies,"Retrofit hardware, commissioning, controls integration, and training.",Building-management-system and vendor interoperability.,"Building, energy, accessibility, and fire codes vary by jurisdiction.","Indoor-air quality, egress, fire protection, and equipment limits must remain binding.","Energy demand, emissions, health, and peak-load effects.","Provisional; requires separation of technology from demographic, economic, regulatory, and behavioral change",Potentially tractable with public data or an explicitly calibrated open model; not yet verified,Comparable at the protocol level; outcome units remain case-specific,No retained candidate-specific source yet,Possible if the incumbent remains near-optimal,Technology-governance question concerning persistence under changed constraints,sensing; communication,1,3,2,1,1,1,1,0,1,11,,unverified_longlist,longlist,Plausible candidate retained for evidence-first screening; score excludes effect direction and magnitude
BE06,Uniform thermal setpoints,built_environment,International or jurisdiction-specific; verify before selection,Building-wide heating and cooling setpoints,Comfort guidance and centralized HVAC practice,To be established from authoritative historical sources,Provide reliable building service with simple local controls.,"Sparse sensing, electromechanical controls, manual commissioning, and limited computation.",Candidate-level lead only; authoritative history not yet verified,Personal comfort systems and localized sensing,"Energy prices, comfort expectations, building use, and climate.",Setpoint distribution and personal control,"Energy, comfort, equity",ASHRAE comfort databases; public building traces,"Retrofit hardware, commissioning, controls integration, and training.",Building-management-system and vendor interoperability.,"Building, energy, accessibility, and fire codes vary by jurisdiction.","Indoor-air quality, egress, fire protection, and equipment limits must remain binding.","Energy demand, emissions, health, and peak-load effects.","Provisional; requires separation of technology from demographic, economic, regulatory, and behavioral change",Potentially tractable with public data or an explicitly calibrated open model; not yet verified,Comparable at the protocol level; outcome units remain case-specific,No retained candidate-specific source yet,Possible if the incumbent remains near-optimal,Technology-governance question concerning persistence under changed constraints,sensing; personalization,1,3,2,1,1,1,1,0,1,11,,unverified_longlist,longlist,Plausible candidate retained for evidence-first screening; score excludes effect direction and magnitude
BE07,Continuously running escalators,built_environment,International or jurisdiction-specific; verify before selection,Continuous operation during opening hours,Electromechanical reliability practice,To be established from authoritative historical sources,Provide reliable building service with simple local controls.,"Sparse sensing, electromechanical controls, manual commissioning, and limited computation.",Candidate-level lead only; authoritative history not yet verified,Presence sensing and variable-speed drives,"Energy prices, comfort expectations, building use, and climate.",Stop/start and speed-control policy,"Energy, wait, wear, safety",Transit-station energy reports; manufacturer curves,"Retrofit hardware, commissioning, controls integration, and training.",Building-management-system and vendor interoperability.,"Building, energy, accessibility, and fire codes vary by jurisdiction.","Indoor-air quality, egress, fire protection, and equipment limits must remain binding.","Energy demand, emissions, health, and peak-load effects.","Provisional; requires separation of technology from demographic, economic, regulatory, and behavioral change",Potentially tractable with public data or an explicitly calibrated open model; not yet verified,Comparable at the protocol level; outcome units remain case-specific,No retained candidate-specific source yet,Possible if the incumbent remains near-optimal,Technology-governance question concerning persistence under changed constraints,sensing; automation,1,3,2,1,1,1,1,0,1,11,,unverified_longlist,longlist,Plausible candidate retained for evidence-first screening; score excludes effect direction and magnitude
BE08,Static facade shading,built_environment,International or jurisdiction-specific; verify before selection,Fixed glazing and static shading geometry,Building-envelope standards,To be established from authoritative historical sources,Provide reliable building service with simple local controls.,"Sparse sensing, electromechanical controls, manual commissioning, and limited computation.",Candidate-level lead only; authoritative history not yet verified,Electrochromic glazing and automated shades,"Energy prices, comfort expectations, building use, and climate.",Shading state by facade and time,"Cooling, glare, daylight, cost",EnergyPlus weather and reference models,"Retrofit hardware, commissioning, controls integration, and training.",Building-management-system and vendor interoperability.,"Building, energy, accessibility, and fire codes vary by jurisdiction.","Indoor-air quality, egress, fire protection, and equipment limits must remain binding.","Energy demand, emissions, health, and peak-load effects.","Provisional; requires separation of technology from demographic, economic, regulatory, and behavioral change",Potentially tractable with public data or an explicitly calibrated open model; not yet verified,Comparable at the protocol level; outcome units remain case-specific,No retained candidate-specific source yet,Possible if the incumbent remains near-optimal,Technology-governance question concerning persistence under changed constraints,sensing; adaptive control,1,3,2,1,1,1,1,0,1,11,,unverified_longlist,longlist,Plausible candidate retained for evidence-first screening; score excludes effect direction and magnitude
BE09,Fixed heating curves,built_environment,International or jurisdiction-specific; verify before selection,Outdoor-temperature reset with fixed curve,Hydronic control practice,To be established from authoritative historical sources,Provide reliable building service with simple local controls.,"Sparse sensing, electromechanical controls, manual commissioning, and limited computation.",Candidate-level lead only; authoritative history not yet verified,Forecast-aware and learning control,"Energy prices, comfort expectations, building use, and climate.",Supply-temperature trajectory,"Energy, comfort, equipment cycling",Open weather; building-control datasets,"Retrofit hardware, commissioning, controls integration, and training.",Building-management-system and vendor interoperability.,"Building, energy, accessibility, and fire codes vary by jurisdiction.","Indoor-air quality, egress, fire protection, and equipment limits must remain binding.","Energy demand, emissions, health, and peak-load effects.","Provisional; requires separation of technology from demographic, economic, regulatory, and behavioral change",Potentially tractable with public data or an explicitly calibrated open model; not yet verified,Comparable at the protocol level; outcome units remain case-specific,No retained candidate-specific source yet,Possible if the incumbent remains near-optimal,Technology-governance question concerning persistence under changed constraints,computation; forecasting,1,3,2,1,1,1,1,0,1,11,,unverified_longlist,longlist,Plausible candidate retained for evidence-first screening; score excludes effect direction and magnitude
BE10,Parking minimum requirements,built_environment,International or jurisdiction-specific; verify before selection,Minimum parking spaces by land use,Municipal zoning codes,To be established from authoritative historical sources,Provide reliable building service with simple local controls.,"Sparse sensing, electromechanical controls, manual commissioning, and limited computation.",Candidate-level lead only; authoritative history not yet verified,Real-time occupancy information and shared mobility platforms,"Energy prices, comfort expectations, building use, and climate.",Required parking capacity and pricing,"Access, land use, cruising, spillover",Municipal codes; parking sensor datasets,"Retrofit hardware, commissioning, controls integration, and training.",Building-management-system and vendor interoperability.,"Building, energy, accessibility, and fire codes vary by jurisdiction.","Indoor-air quality, egress, fire protection, and equipment limits must remain binding.","Energy demand, emissions, health, and peak-load effects.","Provisional; requires separation of technology from demographic, economic, regulatory, and behavioral change",Potentially tractable with public data or an explicitly calibrated open model; not yet verified,Comparable at the protocol level; outcome units remain case-specific,No retained candidate-specific source yet,Possible if the incumbent remains near-optimal,Technology-governance question concerning persistence under changed constraints,sensing; digital coordination,1,3,2,1,1,1,1,0,1,11,,unverified_longlist,longlist,Plausible candidate retained for evidence-first screening; score excludes effect direction and magnitude
TR01,Fixed-time traffic signals,transport,International or jurisdiction-specific; verify before selection,Pre-timed signal plans,Traffic engineering manuals and local signal plans,To be established from authoritative historical sources,Move people or vehicles safely using predictable fixed rules.,"Limited real-time detection, communication, optimization, and traveler information.",Candidate-level lead only; authoritative history not yet verified,"Loop/video detection, connected control, and adaptive optimization","Demand patterns, urban form, vehicle mix, emissions, and equity priorities.",Phase sequence and green split by time,"Delay, queues, stops, emissions, pedestrian wait",FHWA datasets; open signal and traffic-count data; SUMO,"Infrastructure retrofit, control-center integration, enforcement, and user adaptation.","Corridor, fleet, and jurisdiction-wide interoperability.","Road, transit, rail, aviation, or maritime rules apply.","Collision, fail-safe operation, and degraded-mode performance are binding.","Congestion, emissions, noise, access, and injury risk.","Provisional; requires separation of technology from demographic, economic, regulatory, and behavioral change",Potentially tractable with public data or an explicitly calibrated open model; not yet verified,Comparable at the protocol level; outcome units remain case-specific,No retained candidate-specific source yet,Possible if the incumbent remains near-optimal,Technology-governance question concerning persistence under changed constraints,sensing; communication; adaptive control,3,3,3,2,2,3,2,3,3,24,,selection_sources_persisted_and_checked,frozen_supplementary,FHWA definitions and complete NYC hourly count profiles permit a transparent pre-timed versus responsive signal-control sensitivity analysis.
TR02,Fixed speed limits,transport,International or jurisdiction-specific; verify before selection,Static posted speed limits,Road design and traffic law,To be established from authoritative historical sources,Move people or vehicles safely using predictable fixed rules.,"Limited real-time detection, communication, optimization, and traveler information.",Candidate-level lead only; authoritative history not yet verified,"Weather, incident, and traffic sensing with variable signs","Demand patterns, urban form, vehicle mix, emissions, and equity priorities.",Speed limit by segment and time,"Crashes, travel time, flow stability, emissions","Open crash, weather, and detector data","Infrastructure retrofit, control-center integration, enforcement, and user adaptation.","Corridor, fleet, and jurisdiction-wide interoperability.","Road, transit, rail, aviation, or maritime rules apply.","Collision, fail-safe operation, and degraded-mode performance are binding.","Congestion, emissions, noise, access, and injury risk.","Provisional; requires separation of technology from demographic, economic, regulatory, and behavioral change",Potentially tractable with public data or an explicitly calibrated open model; not yet verified,Comparable at the protocol level; outcome units remain case-specific,No retained candidate-specific source yet,Possible if the incumbent remains near-optimal,Technology-governance question concerning persistence under changed constraints,sensing; communication; adaptive control,1,3,2,1,1,1,1,0,1,11,,unverified_longlist,longlist,Plausible candidate retained for evidence-first screening; score excludes effect direction and magnitude
TR03,Fixed transit timetables,transport,International or jurisdiction-specific; verify before selection,Published periodic timetables,Rail and bus operating standards,To be established from authoritative historical sources,Move people or vehicles safely using predictable fixed rules.,"Limited real-time detection, communication, optimization, and traveler information.",Candidate-level lead only; authoritative history not yet verified,Automatic vehicle location and real-time dispatch,"Demand patterns, urban form, vehicle mix, emissions, and equity priorities.",Departure times and holding policy,"Wait, reliability, transfers, fleet use",GTFS and GTFS-realtime archives,"Infrastructure retrofit, control-center integration, enforcement, and user adaptation.","Corridor, fleet, and jurisdiction-wide interoperability.","Road, transit, rail, aviation, or maritime rules apply.","Collision, fail-safe operation, and degraded-mode performance are binding.","Congestion, emissions, noise, access, and injury risk.","Provisional; requires separation of technology from demographic, economic, regulatory, and behavioral change",Potentially tractable with public data or an explicitly calibrated open model; not yet verified,Comparable at the protocol level; outcome units remain case-specific,No retained candidate-specific source yet,Possible if the incumbent remains near-optimal,Technology-governance question concerning persistence under changed constraints,sensing; communication; adaptive control,1,3,2,1,1,1,1,0,1,11,,unverified_longlist,longlist,Plausible candidate retained for evidence-first screening; score excludes effect direction and magnitude
TR04,Static bus routes,transport,International or jurisdiction-specific; verify before selection,Fixed routes and stops,Municipal transit network planning,To be established from authoritative historical sources,Move people or vehicles safely using predictable fixed rules.,"Limited real-time detection, communication, optimization, and traveler information.",Candidate-level lead only; authoritative history not yet verified,Demand-responsive routing and mobile booking,"Demand patterns, urban form, vehicle mix, emissions, and equity priorities.","Route, stop, and dispatch decisions","Access, ride time, operating cost, equity",GTFS; open trip-demand data,"Infrastructure retrofit, control-center integration, enforcement, and user adaptation.","Corridor, fleet, and jurisdiction-wide interoperability.","Road, transit, rail, aviation, or maritime rules apply.","Collision, fail-safe operation, and degraded-mode performance are binding.","Congestion, emissions, noise, access, and injury risk.","Provisional; requires separation of technology from demographic, economic, regulatory, and behavioral change",Potentially tractable with public data or an explicitly calibrated open model; not yet verified,Comparable at the protocol level; outcome units remain case-specific,No retained candidate-specific source yet,Possible if the incumbent remains near-optimal,Technology-governance question concerning persistence under changed constraints,communication; computation; digital coordination,1,3,2,1,1,1,1,0,1,11,,unverified_longlist,longlist,Plausible candidate retained for evidence-first screening; score excludes effect direction and magnitude
TR05,Fixed parking prices,transport,International or jurisdiction-specific; verify before selection,Uniform or time-block curb prices,Municipal parking ordinances,To be established from authoritative historical sources,Move people or vehicles safely using predictable fixed rules.,"Limited real-time detection, communication, optimization, and traveler information.",Candidate-level lead only; authoritative history not yet verified,Space occupancy sensors and digital payment,"Demand patterns, urban form, vehicle mix, emissions, and equity priorities.",Price by block and time,"Occupancy, cruising, revenue, access",SFpark and municipal parking datasets,"Infrastructure retrofit, control-center integration, enforcement, and user adaptation.","Corridor, fleet, and jurisdiction-wide interoperability.","Road, transit, rail, aviation, or maritime rules apply.","Collision, fail-safe operation, and degraded-mode performance are binding.","Congestion, emissions, noise, access, and injury risk.","Provisional; requires separation of technology from demographic, economic, regulatory, and behavioral change",Potentially tractable with public data or an explicitly calibrated open model; not yet verified,Comparable at the protocol level; outcome units remain case-specific,No retained candidate-specific source yet,Possible if the incumbent remains near-optimal,Technology-governance question concerning persistence under changed constraints,sensing; adaptive control,1,3,2,1,1,1,1,0,1,11,,unverified_longlist,longlist,Plausible candidate retained for evidence-first screening; score excludes effect direction and magnitude
TR06,Uniform lane widths,transport,International or jurisdiction-specific; verify before selection,Fixed design lane widths by road class,Highway design manuals,To be established from authoritative historical sources,Move people or vehicles safely using predictable fixed rules.,"Limited real-time detection, communication, optimization, and traveler information.",Candidate-level lead only; authoritative history not yet verified,Lane-keeping assistance and automated steering,"Demand patterns, urban form, vehicle mix, emissions, and equity priorities.",Lane width by context and vehicle mix,"Safety, capacity, land use, speed",Road inventories; crash microdata,"Infrastructure retrofit, control-center integration, enforcement, and user adaptation.","Corridor, fleet, and jurisdiction-wide interoperability.","Road, transit, rail, aviation, or maritime rules apply.","Collision, fail-safe operation, and degraded-mode performance are binding.","Congestion, emissions, noise, access, and injury risk.","Provisional; requires separation of technology from demographic, economic, regulatory, and behavioral change",Potentially tractable with public data or an explicitly calibrated open model; not yet verified,Comparable at the protocol level; outcome units remain case-specific,No retained candidate-specific source yet,Possible if the incumbent remains near-optimal,Technology-governance question concerning persistence under changed constraints,automation; sensing,1,3,2,1,1,1,1,0,1,11,,unverified_longlist,longlist,Plausible candidate retained for evidence-first screening; score excludes effect direction and magnitude
TR07,Fixed airport slot plans,transport,International or jurisdiction-specific; verify before selection,Seasonal scheduled airport slots,Airport coordination rules,To be established from authoritative historical sources,Move people or vehicles safely using predictable fixed rules.,"Limited real-time detection, communication, optimization, and traveler information.",Candidate-level lead only; authoritative history not yet verified,Collaborative decision-making and real-time trajectory data,"Demand patterns, urban form, vehicle mix, emissions, and equity priorities.",Slot and gate allocation under disruption,"Delay, cancellations, fuel, fairness",OpenSky; BTS on-time data,"Infrastructure retrofit, control-center integration, enforcement, and user adaptation.","Corridor, fleet, and jurisdiction-wide interoperability.","Road, transit, rail, aviation, or maritime rules apply.","Collision, fail-safe operation, and degraded-mode performance are binding.","Congestion, emissions, noise, access, and injury risk.","Provisional; requires separation of technology from demographic, economic, regulatory, and behavioral change",Potentially tractable with public data or an explicitly calibrated open model; not yet verified,Comparable at the protocol level; outcome units remain case-specific,No retained candidate-specific source yet,Possible if the incumbent remains near-optimal,Technology-governance question concerning persistence under changed constraints,communication; computation; digital coordination,1,3,2,1,1,1,1,0,1,11,,unverified_longlist,longlist,Plausible candidate retained for evidence-first screening; score excludes effect direction and magnitude
TR08,Fixed-block railway signaling,transport,International or jurisdiction-specific; verify before selection,Track divided into fixed occupancy blocks,Railway signaling standards,To be established from authoritative historical sources,Move people or vehicles safely using predictable fixed rules.,"Limited real-time detection, communication, optimization, and traveler information.",Candidate-level lead only; authoritative history not yet verified,Continuous train localization and moving-block control,"Demand patterns, urban form, vehicle mix, emissions, and equity priorities.",Safe separation and train speed profile,"Capacity, delay, energy, safety margin",Open rail timetables; simulation benchmarks,"Infrastructure retrofit, control-center integration, enforcement, and user adaptation.","Corridor, fleet, and jurisdiction-wide interoperability.","Road, transit, rail, aviation, or maritime rules apply.","Collision, fail-safe operation, and degraded-mode performance are binding.","Congestion, emissions, noise, access, and injury risk.","Provisional; requires separation of technology from demographic, economic, regulatory, and behavioral change",Potentially tractable with public data or an explicitly calibrated open model; not yet verified,Comparable at the protocol level; outcome units remain case-specific,No retained candidate-specific source yet,Possible if the incumbent remains near-optimal,Technology-governance question concerning persistence under changed constraints,sensing; communication; adaptive control,1,3,2,1,1,1,1,0,1,11,,unverified_longlist,longlist,Plausible candidate retained for evidence-first screening; score excludes effect direction and magnitude
TR09,Manual toll plazas,transport,International or jurisdiction-specific; verify before selection,Barrier toll collection lanes,Road tolling operations,To be established from authoritative historical sources,Move people or vehicles safely using predictable fixed rules.,"Limited real-time detection, communication, optimization, and traveler information.",Candidate-level lead only; authoritative history not yet verified,Electronic tolling and plate recognition,"Demand patterns, urban form, vehicle mix, emissions, and equity priorities.",Lane allocation and toll collection method,"Delay, emissions, collection cost, privacy",Toll-agency traffic reports,"Infrastructure retrofit, control-center integration, enforcement, and user adaptation.","Corridor, fleet, and jurisdiction-wide interoperability.","Road, transit, rail, aviation, or maritime rules apply.","Collision, fail-safe operation, and degraded-mode performance are binding.","Congestion, emissions, noise, access, and injury risk.","Provisional; requires separation of technology from demographic, economic, regulatory, and behavioral change",Potentially tractable with public data or an explicitly calibrated open model; not yet verified,Comparable at the protocol level; outcome units remain case-specific,No retained candidate-specific source yet,Possible if the incumbent remains near-optimal,Technology-governance question concerning persistence under changed constraints,sensing; communication; automation,1,3,2,1,1,1,1,0,1,11,,unverified_longlist,longlist,Plausible candidate retained for evidence-first screening; score excludes effect direction and magnitude
TR10,Fixed taxi fleet caps,transport,International or jurisdiction-specific; verify before selection,Numerical taxi licenses or medallions,Municipal taxi regulation,To be established from authoritative historical sources,Move people or vehicles safely using predictable fixed rules.,"Limited real-time detection, communication, optimization, and traveler information.",Candidate-level lead only; authoritative history not yet verified,App-based dispatch and platform demand observation,"Demand patterns, urban form, vehicle mix, emissions, and equity priorities.",Fleet cap and geographic/service obligations,"Wait, utilization, congestion, driver income",Municipal trip records,"Infrastructure retrofit, control-center integration, enforcement, and user adaptation.","Corridor, fleet, and jurisdiction-wide interoperability.","Road, transit, rail, aviation, or maritime rules apply.","Collision, fail-safe operation, and degraded-mode performance are binding.","Congestion, emissions, noise, access, and injury risk.","Provisional; requires separation of technology from demographic, economic, regulatory, and behavioral change",Potentially tractable with public data or an explicitly calibrated open model; not yet verified,Comparable at the protocol level; outcome units remain case-specific,No retained candidate-specific source yet,Possible if the incumbent remains near-optimal,Technology-governance question concerning persistence under changed constraints,communication; digital coordination,1,3,2,1,1,1,1,0,1,11,,unverified_longlist,longlist,Plausible candidate retained for evidence-first screening; score excludes effect direction and magnitude
AI01,Mechanical mirror requirements,automotive_interfaces,International or jurisdiction-specific; verify before selection,Required physical rear-view mirrors,Vehicle construction and use standards,To be established from authoritative historical sources,Provide consistent vehicle operation and inspection with mechanical interfaces.,"Mechanical linkages, analog displays, limited onboard sensing, and no connectivity.",Candidate-level lead only; authoritative history not yet verified,Camera-monitor systems and digital image processing,"Vehicle electrification, automation, demographics, and distraction concerns.","Mirror/camera field, placement, and redundancy","Visibility, drag, detection, reliability",Regulatory test procedures; crash and field studies,"Fleet turnover, homologation, repair tooling, and driver retraining.",Cross-manufacturer conventions and service ecosystems.,Vehicle safety and type-approval rules apply.,"Human factors, fail-operational behavior, and cybersecurity are binding.","Crash risk, emissions, accessibility, and repairability.","Provisional; requires separation of technology from demographic, economic, regulatory, and behavioral change",Potentially tractable with public data or an explicitly calibrated open model; not yet verified,Comparable at the protocol level; outcome units remain case-specific,No retained candidate-specific source yet,Possible if the incumbent remains near-optimal,Technology-governance question concerning persistence under changed constraints,sensing; computation,1,3,2,1,1,1,1,0,1,11,,unverified_longlist,longlist,Plausible candidate retained for evidence-first screening; score excludes effect direction and magnitude
AI02,Fixed headlamp beam patterns,automotive_interfaces,International or jurisdiction-specific; verify before selection,Static low/high beam photometric limits,Vehicle lighting regulations,To be established from authoritative historical sources,Provide consistent vehicle operation and inspection with mechanical interfaces.,"Mechanical linkages, analog displays, limited onboard sensing, and no connectivity.",Candidate-level lead only; authoritative history not yet verified,Matrix LEDs and adaptive driving beams,"Vehicle electrification, automation, demographics, and distraction concerns.",Beam intensity distribution by scene,"Visibility, glare, energy, detection",Regulatory photometry; road safety studies,"Fleet turnover, homologation, repair tooling, and driver retraining.",Cross-manufacturer conventions and service ecosystems.,Vehicle safety and type-approval rules apply.,"Human factors, fail-operational behavior, and cybersecurity are binding.","Crash risk, emissions, accessibility, and repairability.","Provisional; requires separation of technology from demographic, economic, regulatory, and behavioral change",Potentially tractable with public data or an explicitly calibrated open model; not yet verified,Comparable at the protocol level; outcome units remain case-specific,No retained candidate-specific source yet,Possible if the incumbent remains near-optimal,Technology-governance question concerning persistence under changed constraints,sensing; adaptive control,1,3,2,1,1,1,1,0,1,11,,unverified_longlist,longlist,Plausible candidate retained for evidence-first screening; score excludes effect direction and magnitude
AI03,Periodic emissions inspection,automotive_interfaces,International or jurisdiction-specific; verify before selection,Calendar-based tailpipe inspection,Vehicle emissions programs,To be established from authoritative historical sources,Provide consistent vehicle operation and inspection with mechanical interfaces.,"Mechanical linkages, analog displays, limited onboard sensing, and no connectivity.",Candidate-level lead only; authoritative history not yet verified,Onboard diagnostics and remote emissions sensing,"Vehicle electrification, automation, demographics, and distraction concerns.",Inspection trigger and test intensity,"High-emitter detection, cost, emissions",Remote-sensing programs; inspection records,"Fleet turnover, homologation, repair tooling, and driver retraining.",Cross-manufacturer conventions and service ecosystems.,Vehicle safety and type-approval rules apply.,"Human factors, fail-operational behavior, and cybersecurity are binding.","Crash risk, emissions, accessibility, and repairability.","Provisional; requires separation of technology from demographic, economic, regulatory, and behavioral change",Potentially tractable with public data or an explicitly calibrated open model; not yet verified,Comparable at the protocol level; outcome units remain case-specific,No retained candidate-specific source yet,Possible if the incumbent remains near-optimal,Technology-governance question concerning persistence under changed constraints,sensing; communication,1,3,2,1,1,1,1,0,1,11,,unverified_longlist,longlist,Plausible candidate retained for evidence-first screening; score excludes effect direction and magnitude
AI04,Fixed vehicle maintenance intervals,automotive_interfaces,International or jurisdiction-specific; verify before selection,Mileage or calendar service schedules,Manufacturer service schedules,To be established from authoritative historical sources,Provide consistent vehicle operation and inspection with mechanical interfaces.,"Mechanical linkages, analog displays, limited onboard sensing, and no connectivity.",Candidate-level lead only; authoritative history not yet verified,Onboard condition monitoring and prognostics,"Vehicle electrification, automation, demographics, and distraction concerns.",Service timing by component condition,"Failures, cost, downtime, waste",Public fleet maintenance data; reliability datasets,"Fleet turnover, homologation, repair tooling, and driver retraining.",Cross-manufacturer conventions and service ecosystems.,Vehicle safety and type-approval rules apply.,"Human factors, fail-operational behavior, and cybersecurity are binding.","Crash risk, emissions, accessibility, and repairability.","Provisional; requires separation of technology from demographic, economic, regulatory, and behavioral change",Potentially tractable with public data or an explicitly calibrated open model; not yet verified,Comparable at the protocol level; outcome units remain case-specific,No retained candidate-specific source yet,Possible if the incumbent remains near-optimal,Technology-governance question concerning persistence under changed constraints,sensing; computation,1,3,2,1,1,1,1,0,1,11,,unverified_longlist,longlist,Plausible candidate retained for evidence-first screening; score excludes effect direction and magnitude
AI05,Manual tire-pressure checks,automotive_interfaces,International or jurisdiction-specific; verify before selection,Driver or service-station pressure checks,Vehicle maintenance guidance,To be established from authoritative historical sources,Provide consistent vehicle operation and inspection with mechanical interfaces.,"Mechanical linkages, analog displays, limited onboard sensing, and no connectivity.",Candidate-level lead only; authoritative history not yet verified,Tire-pressure monitoring systems,"Vehicle electrification, automation, demographics, and distraction concerns.",Alert threshold and maintenance trigger,"Fuel use, tire failure, false alerts",NHTSA evaluations; fleet data,"Fleet turnover, homologation, repair tooling, and driver retraining.",Cross-manufacturer conventions and service ecosystems.,Vehicle safety and type-approval rules apply.,"Human factors, fail-operational behavior, and cybersecurity are binding.","Crash risk, emissions, accessibility, and repairability.","Provisional; requires separation of technology from demographic, economic, regulatory, and behavioral change",Potentially tractable with public data or an explicitly calibrated open model; not yet verified,Comparable at the protocol level; outcome units remain case-specific,No retained candidate-specific source yet,Possible if the incumbent remains near-optimal,Technology-governance question concerning persistence under changed constraints,sensing,1,3,2,1,1,1,1,0,1,11,,unverified_longlist,longlist,Plausible candidate retained for evidence-first screening; score excludes effect direction and magnitude
AI06,Fixed dashboard warning lamps,automotive_interfaces,International or jurisdiction-specific; verify before selection,Standardized tell-tales with binary states,Vehicle interface regulations,To be established from authoritative historical sources,Provide consistent vehicle operation and inspection with mechanical interfaces.,"Mechanical linkages, analog displays, limited onboard sensing, and no connectivity.",Candidate-level lead only; authoritative history not yet verified,Contextual digital displays and diagnostics,"Vehicle electrification, automation, demographics, and distraction concerns.","Alert modality, priority, and timing","Comprehension, response, distraction",Human-factors studies; regulatory symbols,"Fleet turnover, homologation, repair tooling, and driver retraining.",Cross-manufacturer conventions and service ecosystems.,Vehicle safety and type-approval rules apply.,"Human factors, fail-operational behavior, and cybersecurity are binding.","Crash risk, emissions, accessibility, and repairability.","Provisional; requires separation of technology from demographic, economic, regulatory, and behavioral change",Potentially tractable with public data or an explicitly calibrated open model; not yet verified,Comparable at the protocol level; outcome units remain case-specific,No retained candidate-specific source yet,Possible if the incumbent remains near-optimal,Technology-governance question concerning persistence under changed constraints,computation; adaptive interface,1,3,2,1,1,1,1,0,1,11,,unverified_longlist,longlist,Plausible candidate retained for evidence-first screening; score excludes effect direction and magnitude
AI07,Standard gear-selector patterns,automotive_interfaces,International or jurisdiction-specific; verify before selection,Conventional PRND or manual shift patterns,Vehicle-control conventions,To be established from authoritative historical sources,Provide consistent vehicle operation and inspection with mechanical interfaces.,"Mechanical linkages, analog displays, limited onboard sensing, and no connectivity.",Candidate-level lead only; authoritative history not yet verified,Electronic shift-by-wire and configurable interfaces,"Vehicle electrification, automation, demographics, and distraction concerns.",Control mapping and feedback,"Selection errors, learnability, accessibility",Recall data; human-factors experiments,"Fleet turnover, homologation, repair tooling, and driver retraining.",Cross-manufacturer conventions and service ecosystems.,Vehicle safety and type-approval rules apply.,"Human factors, fail-operational behavior, and cybersecurity are binding.","Crash risk, emissions, accessibility, and repairability.","Provisional; requires separation of technology from demographic, economic, regulatory, and behavioral change",Potentially tractable with public data or an explicitly calibrated open model; not yet verified,Comparable at the protocol level; outcome units remain case-specific,No retained candidate-specific source yet,Possible if the incumbent remains near-optimal,Technology-governance question concerning persistence under changed constraints,digital interface,1,2,2,1,1,1,1,0,1,10,,unverified_longlist,longlist,Plausible candidate retained for evidence-first screening; score excludes effect direction and magnitude
AI08,Speedometer display conventions,automotive_interfaces,International or jurisdiction-specific; verify before selection,Instrument-panel speed display,Vehicle display regulations,To be established from authoritative historical sources,Provide consistent vehicle operation and inspection with mechanical interfaces.,"Mechanical linkages, analog displays, limited onboard sensing, and no connectivity.",Candidate-level lead only; authoritative history not yet verified,Head-up displays and context-aware speed assistance,"Vehicle electrification, automation, demographics, and distraction concerns.","Display placement, units, and alerts","Glance time, compliance, errors",Simulator studies; speed datasets,"Fleet turnover, homologation, repair tooling, and driver retraining.",Cross-manufacturer conventions and service ecosystems.,Vehicle safety and type-approval rules apply.,"Human factors, fail-operational behavior, and cybersecurity are binding.","Crash risk, emissions, accessibility, and repairability.","Provisional; requires separation of technology from demographic, economic, regulatory, and behavioral change",Potentially tractable with public data or an explicitly calibrated open model; not yet verified,Comparable at the protocol level; outcome units remain case-specific,No retained candidate-specific source yet,Possible if the incumbent remains near-optimal,Technology-governance question concerning persistence under changed constraints,sensing; adaptive interface,1,3,2,1,1,1,1,0,1,11,,unverified_longlist,longlist,Plausible candidate retained for evidence-first screening; score excludes effect direction and magnitude
AI09,Fixed steering-wheel control layouts,automotive_interfaces,International or jurisdiction-specific; verify before selection,Physical control placement by model convention,Manufacturer and safety guidance,To be established from authoritative historical sources,Provide consistent vehicle operation and inspection with mechanical interfaces.,"Mechanical linkages, analog displays, limited onboard sensing, and no connectivity.",Candidate-level lead only; authoritative history not yet verified,Software-defined controls and multimodal input,"Vehicle electrification, automation, demographics, and distraction concerns.",Function-to-control mapping,"Task time, errors, distraction",Human-machine-interface studies,"Fleet turnover, homologation, repair tooling, and driver retraining.",Cross-manufacturer conventions and service ecosystems.,Vehicle safety and type-approval rules apply.,"Human factors, fail-operational behavior, and cybersecurity are binding.","Crash risk, emissions, accessibility, and repairability.","Provisional; requires separation of technology from demographic, economic, regulatory, and behavioral change",Potentially tractable with public data or an explicitly calibrated open model; not yet verified,Comparable at the protocol level; outcome units remain case-specific,No retained candidate-specific source yet,Possible if the incumbent remains near-optimal,Technology-governance question concerning persistence under changed constraints,digital reconfiguration,1,2,2,1,1,1,1,0,1,10,,unverified_longlist,longlist,Plausible candidate retained for evidence-first screening; score excludes effect direction and magnitude
AI10,Periodic roadworthiness inspection,automotive_interfaces,International or jurisdiction-specific; verify before selection,Annual or biennial vehicle inspection,National vehicle inspection regimes,To be established from authoritative historical sources,Provide consistent vehicle operation and inspection with mechanical interfaces.,"Mechanical linkages, analog displays, limited onboard sensing, and no connectivity.",Candidate-level lead only; authoritative history not yet verified,Connected diagnostics and continuous fault reporting,"Vehicle electrification, automation, demographics, and distraction concerns.",Inspection interval and remote trigger,"Defect detection, burden, fraud, safety",Inspection and crash records,"Fleet turnover, homologation, repair tooling, and driver retraining.",Cross-manufacturer conventions and service ecosystems.,Vehicle safety and type-approval rules apply.,"Human factors, fail-operational behavior, and cybersecurity are binding.","Crash risk, emissions, accessibility, and repairability.","Provisional; requires separation of technology from demographic, economic, regulatory, and behavioral change",Potentially tractable with public data or an explicitly calibrated open model; not yet verified,Comparable at the protocol level; outcome units remain case-specific,No retained candidate-specific source yet,Possible if the incumbent remains near-optimal,Technology-governance question concerning persistence under changed constraints,sensing; communication,1,3,2,1,1,1,1,0,1,11,,unverified_longlist,longlist,Plausible candidate retained for evidence-first screening; score excludes effect direction and magnitude
WK01,Eight-hour shifts,work,International or jurisdiction-specific; verify before selection,Fixed eight-hour daily shift,Labor statutes and collective agreements,To be established from authoritative historical sources,Coordinate labor and production through simple recurring rules.,"On-site work, manual records, batch production, and weak demand visibility.",Candidate-level lead only; authoritative history not yet verified,Digital scheduling and remote coordination,"Labor law, workforce composition, service work, and worker preferences.",Shift length and start time,"Output, fatigue, errors, worker preference",Time-use surveys; sector staffing records,"Collective bargaining, scheduling systems, training, and managerial change.","Team coordination, customer hours, and supply-chain synchronization.","Labor, wage, occupational-safety, and sector rules apply.","Fatigue, staffing adequacy, and machinery hazards may bind.","Worker health, commuting, care responsibilities, and service quality.","Provisional; requires separation of technology from demographic, economic, regulatory, and behavioral change",Potentially tractable with public data or an explicitly calibrated open model; not yet verified,Comparable at the protocol level; outcome units remain case-specific,No retained candidate-specific source yet,Possible if the incumbent remains near-optimal,Technology-governance question concerning persistence under changed constraints,communication; computation,1,3,2,1,1,1,1,0,1,11,,unverified_longlist,longlist,Plausible candidate retained for evidence-first screening; score excludes effect direction and magnitude
WK02,Five-day workweek,work,International or jurisdiction-specific; verify before selection,Five working days and two rest days,Labor agreements and organizational convention,To be established from authoritative historical sources,Coordinate labor and production through simple recurring rules.,"On-site work, manual records, batch production, and weak demand visibility.",Candidate-level lead only; authoritative history not yet verified,Remote work and asynchronous collaboration tools,"Labor law, workforce composition, service work, and worker preferences.",Workday allocation across week,"Output, wellbeing, coverage, commuting",Time-use and workplace trials,"Collective bargaining, scheduling systems, training, and managerial change.","Team coordination, customer hours, and supply-chain synchronization.","Labor, wage, occupational-safety, and sector rules apply.","Fatigue, staffing adequacy, and machinery hazards may bind.","Worker health, commuting, care responsibilities, and service quality.","Provisional; requires separation of technology from demographic, economic, regulatory, and behavioral change",Potentially tractable with public data or an explicitly calibrated open model; not yet verified,Comparable at the protocol level; outcome units remain case-specific,No retained candidate-specific source yet,Possible if the incumbent remains near-optimal,Technology-governance question concerning persistence under changed constraints,communication; digital coordination,1,3,2,1,1,1,1,0,1,11,,unverified_longlist,longlist,Plausible candidate retained for evidence-first screening; score excludes effect direction and magnitude
WK03,Fixed office hours,work,International or jurisdiction-specific; verify before selection,Common synchronized attendance window,Administrative operating practice,To be established from authoritative historical sources,Coordinate labor and production through simple recurring rules.,"On-site work, manual records, batch production, and weak demand visibility.",Candidate-level lead only; authoritative history not yet verified,"Presence tools, cloud work, and asynchronous workflows","Labor law, workforce composition, service work, and worker preferences.",Required overlap and location schedule,"Coordination, output, access, commute",Time-use; workplace occupancy and trial data,"Collective bargaining, scheduling systems, training, and managerial change.","Team coordination, customer hours, and supply-chain synchronization.","Labor, wage, occupational-safety, and sector rules apply.","Fatigue, staffing adequacy, and machinery hazards may bind.","Worker health, commuting, care responsibilities, and service quality.","Provisional; requires separation of technology from demographic, economic, regulatory, and behavioral change",Potentially tractable with public data or an explicitly calibrated open model; not yet verified,Comparable at the protocol level; outcome units remain case-specific,No retained candidate-specific source yet,Possible if the incumbent remains near-optimal,Technology-governance question concerning persistence under changed constraints,communication; digital coordination,1,3,2,1,1,1,1,0,1,11,,unverified_longlist,longlist,Plausible candidate retained for evidence-first screening; score excludes effect direction and magnitude
WK04,Fixed break schedules,work,International or jurisdiction-specific; verify before selection,Prescribed breaks at uniform times,Labor rules and production-line practice,To be established from authoritative historical sources,Coordinate labor and production through simple recurring rules.,"On-site work, manual records, batch production, and weak demand visibility.",Candidate-level lead only; authoritative history not yet verified,Wearables and workload sensing,"Labor law, workforce composition, service work, and worker preferences.",Break timing and duration,"Fatigue, injury, throughput, equity",Occupational studies; wearable datasets,"Collective bargaining, scheduling systems, training, and managerial change.","Team coordination, customer hours, and supply-chain synchronization.","Labor, wage, occupational-safety, and sector rules apply.","Fatigue, staffing adequacy, and machinery hazards may bind.","Worker health, commuting, care responsibilities, and service quality.","Provisional; requires separation of technology from demographic, economic, regulatory, and behavioral change",Potentially tractable with public data or an explicitly calibrated open model; not yet verified,Comparable at the protocol level; outcome units remain case-specific,No retained candidate-specific source yet,Possible if the incumbent remains near-optimal,Technology-governance question concerning persistence under changed constraints,sensing; adaptive control,1,3,2,1,1,1,1,0,1,11,,unverified_longlist,longlist,Plausible candidate retained for evidence-first screening; score excludes effect direction and magnitude
WK05,Time-clock rounding,work,International or jurisdiction-specific; verify before selection,Rounding attendance to fixed minute increments,Payroll-system limitations and policy,To be established from authoritative historical sources,Coordinate labor and production through simple recurring rules.,"On-site work, manual records, batch production, and weak demand visibility.",Candidate-level lead only; authoritative history not yet verified,Exact digital time capture,"Labor law, workforce composition, service work, and worker preferences.",Payable-time rounding rule,"Wages, administration, disputes",Labor decisions; payroll simulations,"Collective bargaining, scheduling systems, training, and managerial change.","Team coordination, customer hours, and supply-chain synchronization.","Labor, wage, occupational-safety, and sector rules apply.","Fatigue, staffing adequacy, and machinery hazards may bind.","Worker health, commuting, care responsibilities, and service quality.","Provisional; requires separation of technology from demographic, economic, regulatory, and behavioral change",Potentially tractable with public data or an explicitly calibrated open model; not yet verified,Comparable at the protocol level; outcome units remain case-specific,No retained candidate-specific source yet,Possible if the incumbent remains near-optimal,Technology-governance question concerning persistence under changed constraints,digital records,1,2,2,1,1,1,1,0,1,10,,unverified_longlist,longlist,Plausible candidate retained for evidence-first screening; score excludes effect direction and magnitude
WK06,Periodic performance reviews,work,International or jurisdiction-specific; verify before selection,Annual or semiannual appraisal cycle,Administrative HR practice,To be established from authoritative historical sources,Coordinate labor and production through simple recurring rules.,"On-site work, manual records, batch production, and weak demand visibility.",Candidate-level lead only; authoritative history not yet verified,Continuous work systems and feedback platforms,"Labor law, workforce composition, service work, and worker preferences.",Feedback and evaluation frequency,"Goal attainment, bias, burden, retention",Open workforce surveys; field studies,"Collective bargaining, scheduling systems, training, and managerial change.","Team coordination, customer hours, and supply-chain synchronization.","Labor, wage, occupational-safety, and sector rules apply.","Fatigue, staffing adequacy, and machinery hazards may bind.","Worker health, commuting, care responsibilities, and service quality.","Provisional; requires separation of technology from demographic, economic, regulatory, and behavioral change",Potentially tractable with public data or an explicitly calibrated open model; not yet verified,Comparable at the protocol level; outcome units remain case-specific,No retained candidate-specific source yet,Possible if the incumbent remains near-optimal,Technology-governance question concerning persistence under changed constraints,communication; digital coordination,1,3,2,1,1,1,1,0,1,11,,unverified_longlist,longlist,Plausible candidate retained for evidence-first screening; score excludes effect direction and magnitude
WK07,Calendar preventive maintenance,work,International or jurisdiction-specific; verify before selection,Fixed maintenance intervals,Industrial maintenance manuals,To be established from authoritative historical sources,Coordinate labor and production through simple recurring rules.,"On-site work, manual records, batch production, and weak demand visibility.",Candidate-level lead only; authoritative history not yet verified,Condition monitoring and predictive models,"Labor law, workforce composition, service work, and worker preferences.",Maintenance trigger and replacement threshold,"Failures, downtime, cost, waste",NASA C-MAPSS; PHM Society datasets,"Collective bargaining, scheduling systems, training, and managerial change.","Team coordination, customer hours, and supply-chain synchronization.","Labor, wage, occupational-safety, and sector rules apply.","Fatigue, staffing adequacy, and machinery hazards may bind.","Worker health, commuting, care responsibilities, and service quality.","Provisional; requires separation of technology from demographic, economic, regulatory, and behavioral change",Potentially tractable with public data or an explicitly calibrated open model; not yet verified,Comparable at the protocol level; outcome units remain case-specific,No retained candidate-specific source yet,Possible if the incumbent remains near-optimal,Technology-governance question concerning persistence under changed constraints,sensing; computation,3,3,3,2,3,3,2,3,3,25,,selection_sources_persisted_and_checked,frozen_primary,NASA run-to-failure simulations permit fixed-age and condition-informed maintenance policies to be evaluated with common failure and maintenance-loss functions.
WK08,Batch quality inspection,work,International or jurisdiction-specific; verify before selection,Sample inspection after production batches,Statistical quality-control practice,To be established from authoritative historical sources,Coordinate labor and production through simple recurring rules.,"On-site work, manual records, batch production, and weak demand visibility.",Candidate-level lead only; authoritative history not yet verified,Inline machine vision and process sensing,"Labor law, workforce composition, service work, and worker preferences.",Inspection sampling and process-adjustment rule,"Defects, scrap, throughput, false rejects",Open manufacturing quality datasets,"Collective bargaining, scheduling systems, training, and managerial change.","Team coordination, customer hours, and supply-chain synchronization.","Labor, wage, occupational-safety, and sector rules apply.","Fatigue, staffing adequacy, and machinery hazards may bind.","Worker health, commuting, care responsibilities, and service quality.","Provisional; requires separation of technology from demographic, economic, regulatory, and behavioral change",Potentially tractable with public data or an explicitly calibrated open model; not yet verified,Comparable at the protocol level; outcome units remain case-specific,No retained candidate-specific source yet,Possible if the incumbent remains near-optimal,Technology-governance question concerning persistence under changed constraints,sensing; automation,1,3,2,1,1,1,1,0,1,11,,unverified_longlist,longlist,Plausible candidate retained for evidence-first screening; score excludes effect direction and magnitude
WK09,Paper approval workflows,work,International or jurisdiction-specific; verify before selection,Sequential handwritten form approval,Administrative control practice,To be established from authoritative historical sources,Coordinate labor and production through simple recurring rules.,"On-site work, manual records, batch production, and weak demand visibility.",Candidate-level lead only; authoritative history not yet verified,Digital signatures and workflow engines,"Labor law, workforce composition, service work, and worker preferences.",Approval routing and authorization rule,"Cycle time, errors, auditability, fraud",Government process datasets; workflow logs,"Collective bargaining, scheduling systems, training, and managerial change.","Team coordination, customer hours, and supply-chain synchronization.","Labor, wage, occupational-safety, and sector rules apply.","Fatigue, staffing adequacy, and machinery hazards may bind.","Worker health, commuting, care responsibilities, and service quality.","Provisional; requires separation of technology from demographic, economic, regulatory, and behavioral change",Potentially tractable with public data or an explicitly calibrated open model; not yet verified,Comparable at the protocol level; outcome units remain case-specific,No retained candidate-specific source yet,Possible if the incumbent remains near-optimal,Technology-governance question concerning persistence under changed constraints,communication; automation,1,3,2,1,1,1,1,0,1,11,,unverified_longlist,longlist,Plausible candidate retained for evidence-first screening; score excludes effect direction and magnitude
WK10,Fixed staffing templates,work,International or jurisdiction-specific; verify before selection,Recurring staffing by weekday and shift,Workforce planning practice,To be established from authoritative historical sources,Coordinate labor and production through simple recurring rules.,"On-site work, manual records, batch production, and weak demand visibility.",Candidate-level lead only; authoritative history not yet verified,Real-time demand forecasting and optimization,"Labor law, workforce composition, service work, and worker preferences.",Staff count and skill mix by interval,"Wait, overtime, service, fatigue",Open call-center and service-demand datasets,"Collective bargaining, scheduling systems, training, and managerial change.","Team coordination, customer hours, and supply-chain synchronization.","Labor, wage, occupational-safety, and sector rules apply.","Fatigue, staffing adequacy, and machinery hazards may bind.","Worker health, commuting, care responsibilities, and service quality.","Provisional; requires separation of technology from demographic, economic, regulatory, and behavioral change",Potentially tractable with public data or an explicitly calibrated open model; not yet verified,Comparable at the protocol level; outcome units remain case-specific,No retained candidate-specific source yet,Possible if the incumbent remains near-optimal,Technology-governance question concerning persistence under changed constraints,computation; adaptive control,1,3,2,1,1,1,1,0,1,11,,unverified_longlist,longlist,Plausible candidate retained for evidence-first screening; score excludes effect direction and magnitude
ED01,Fixed class periods,education,International or jurisdiction-specific; verify before selection,Uniform lesson periods in a bell schedule,Mass-school timetable practice,To be established from authoritative historical sources,"Coordinate mass instruction, assessment, and credentialing.","Physical classrooms, scarce instructors, paper materials, and manual grading.",Candidate-level lead only; authoritative history not yet verified,Learning platforms and fine-grained progress data,"Enrollment, pedagogy, special needs, household access, and labor-market demand.",Period length and subject allocation,"Learning, transitions, attention, staffing",School timetables; learning-platform datasets,"Timetables, contracts, facilities, curricula, and credential recognition.","Institutional calendars, transferability, and qualification comparability.","Education, privacy, accessibility, and accreditation rules apply.","Safeguarding, screen exposure, and high-stakes decision errors matter.","Equity, family schedules, socialization, and labor-market signaling.","Provisional; requires separation of technology from demographic, economic, regulatory, and behavioral change",Potentially tractable with public data or an explicitly calibrated open model; not yet verified,Comparable at the protocol level; outcome units remain case-specific,No retained candidate-specific source yet,Possible if the incumbent remains near-optimal,Technology-governance question concerning persistence under changed constraints,sensing; computation,1,3,2,1,1,1,1,0,1,11,,unverified_longlist,longlist,Plausible candidate retained for evidence-first screening; score excludes effect direction and magnitude
ED02,Age-graded cohorts,education,International or jurisdiction-specific; verify before selection,Students grouped primarily by chronological age,Mass public education administration,To be established from authoritative historical sources,"Coordinate mass instruction, assessment, and credentialing.","Physical classrooms, scarce instructors, paper materials, and manual grading.",Candidate-level lead only; authoritative history not yet verified,Adaptive learning and mastery tracking,"Enrollment, pedagogy, special needs, household access, and labor-market demand.",Grouping and progression rule,"Mastery, equity, social outcomes, staffing",Longitudinal education datasets,"Timetables, contracts, facilities, curricula, and credential recognition.","Institutional calendars, transferability, and qualification comparability.","Education, privacy, accessibility, and accreditation rules apply.","Safeguarding, screen exposure, and high-stakes decision errors matter.","Equity, family schedules, socialization, and labor-market signaling.","Provisional; requires separation of technology from demographic, economic, regulatory, and behavioral change",Potentially tractable with public data or an explicitly calibrated open model; not yet verified,Comparable at the protocol level; outcome units remain case-specific,No retained candidate-specific source yet,Possible if the incumbent remains near-optimal,Technology-governance question concerning persistence under changed constraints,computation; personalization,1,3,2,1,1,1,1,0,1,11,,unverified_longlist,longlist,Plausible candidate retained for evidence-first screening; score excludes effect direction and magnitude
ED03,Seat-time credit hours,education,International or jurisdiction-specific; verify before selection,Credits awarded by instructional contact time,Carnegie unit and accreditation practice,To be established from authoritative historical sources,"Coordinate mass instruction, assessment, and credentialing.","Physical classrooms, scarce instructors, paper materials, and manual grading.",Candidate-level lead only; authoritative history not yet verified,Online and competency-based assessment,"Enrollment, pedagogy, special needs, household access, and labor-market demand.",Credit based on time versus demonstrated mastery,"Completion, mastery, transferability, cost",IPEDS; competency-program evaluations,"Timetables, contracts, facilities, curricula, and credential recognition.","Institutional calendars, transferability, and qualification comparability.","Education, privacy, accessibility, and accreditation rules apply.","Safeguarding, screen exposure, and high-stakes decision errors matter.","Equity, family schedules, socialization, and labor-market signaling.","Provisional; requires separation of technology from demographic, economic, regulatory, and behavioral change",Potentially tractable with public data or an explicitly calibrated open model; not yet verified,Comparable at the protocol level; outcome units remain case-specific,No retained candidate-specific source yet,Possible if the incumbent remains near-optimal,Technology-governance question concerning persistence under changed constraints,digital assessment,1,2,2,1,1,1,1,0,1,10,,unverified_longlist,longlist,Plausible candidate retained for evidence-first screening; score excludes effect direction and magnitude
ED04,Fixed examination duration,education,International or jurisdiction-specific; verify before selection,Uniform time limit for all examinees,Paper examination logistics,To be established from authoritative historical sources,"Coordinate mass instruction, assessment, and credentialing.","Physical classrooms, scarce instructors, paper materials, and manual grading.",Candidate-level lead only; authoritative history not yet verified,Computerized adaptive testing and accessibility tools,"Enrollment, pedagogy, special needs, household access, and labor-market demand.","Item count, routing, and time limit","Measurement precision, burden, fairness",Public item-response datasets,"Timetables, contracts, facilities, curricula, and credential recognition.","Institutional calendars, transferability, and qualification comparability.","Education, privacy, accessibility, and accreditation rules apply.","Safeguarding, screen exposure, and high-stakes decision errors matter.","Equity, family schedules, socialization, and labor-market signaling.","Provisional; requires separation of technology from demographic, economic, regulatory, and behavioral change",Potentially tractable with public data or an explicitly calibrated open model; not yet verified,Comparable at the protocol level; outcome units remain case-specific,No retained candidate-specific source yet,Possible if the incumbent remains near-optimal,Technology-governance question concerning persistence under changed constraints,computation; adaptive control,1,3,2,1,1,1,1,0,1,11,,unverified_longlist,longlist,Plausible candidate retained for evidence-first screening; score excludes effect direction and magnitude
ED05,Fixed testing windows,education,International or jurisdiction-specific; verify before selection,Assessment on common calendar dates,Administrative testing practice,To be established from authoritative historical sources,"Coordinate mass instruction, assessment, and credentialing.","Physical classrooms, scarce instructors, paper materials, and manual grading.",Candidate-level lead only; authoritative history not yet verified,Secure digital delivery and automated scoring,"Enrollment, pedagogy, special needs, household access, and labor-market demand.",Assessment timing and retest policy,"Validity, disruption, equity, security",State assessment schedules and results,"Timetables, contracts, facilities, curricula, and credential recognition.","Institutional calendars, transferability, and qualification comparability.","Education, privacy, accessibility, and accreditation rules apply.","Safeguarding, screen exposure, and high-stakes decision errors matter.","Equity, family schedules, socialization, and labor-market signaling.","Provisional; requires separation of technology from demographic, economic, regulatory, and behavioral change",Potentially tractable with public data or an explicitly calibrated open model; not yet verified,Comparable at the protocol level; outcome units remain case-specific,No retained candidate-specific source yet,Possible if the incumbent remains near-optimal,Technology-governance question concerning persistence under changed constraints,communication; automation,1,3,2,1,1,1,1,0,1,11,,unverified_longlist,longlist,Plausible candidate retained for evidence-first screening; score excludes effect direction and magnitude
ED06,Printed textbook revision cycles,education,International or jurisdiction-specific; verify before selection,Multi-year edition and adoption cycles,Print production and procurement,To be established from authoritative historical sources,"Coordinate mass instruction, assessment, and credentialing.","Physical classrooms, scarce instructors, paper materials, and manual grading.",Candidate-level lead only; authoritative history not yet verified,Digital publishing and modular updates,"Enrollment, pedagogy, special needs, household access, and labor-market demand.",Update frequency and validation workflow,"Currency, error rates, cost, access",Open textbook repositories and change logs,"Timetables, contracts, facilities, curricula, and credential recognition.","Institutional calendars, transferability, and qualification comparability.","Education, privacy, accessibility, and accreditation rules apply.","Safeguarding, screen exposure, and high-stakes decision errors matter.","Equity, family schedules, socialization, and labor-market signaling.","Provisional; requires separation of technology from demographic, economic, regulatory, and behavioral change",Potentially tractable with public data or an explicitly calibrated open model; not yet verified,Comparable at the protocol level; outcome units remain case-specific,No retained candidate-specific source yet,Possible if the incumbent remains near-optimal,Technology-governance question concerning persistence under changed constraints,communication; digital distribution,1,3,2,1,1,1,1,0,1,11,,unverified_longlist,longlist,Plausible candidate retained for evidence-first screening; score excludes effect direction and magnitude
ED07,Scheduled computer labs,education,International or jurisdiction-specific; verify before selection,Access through fixed shared-lab periods,Scarce school computing hardware,To be established from authoritative historical sources,"Coordinate mass instruction, assessment, and credentialing.","Physical classrooms, scarce instructors, paper materials, and manual grading.",Candidate-level lead only; authoritative history not yet verified,Low-cost devices and cloud services,"Enrollment, pedagogy, special needs, household access, and labor-market demand.",Device allocation and access schedule,"Access, utilization, equity, support cost",School technology surveys,"Timetables, contracts, facilities, curricula, and credential recognition.","Institutional calendars, transferability, and qualification comparability.","Education, privacy, accessibility, and accreditation rules apply.","Safeguarding, screen exposure, and high-stakes decision errors matter.","Equity, family schedules, socialization, and labor-market signaling.","Provisional; requires separation of technology from demographic, economic, regulatory, and behavioral change",Potentially tractable with public data or an explicitly calibrated open model; not yet verified,Comparable at the protocol level; outcome units remain case-specific,No retained candidate-specific source yet,Possible if the incumbent remains near-optimal,Technology-governance question concerning persistence under changed constraints,communication; cloud computation,1,3,2,1,1,1,1,0,1,11,,unverified_longlist,longlist,Plausible candidate retained for evidence-first screening; score excludes effect direction and magnitude
ED08,Lecture attendance requirements,education,International or jurisdiction-specific; verify before selection,Physical presence at scheduled lectures,Campus-based instruction practice,To be established from authoritative historical sources,"Coordinate mass instruction, assessment, and credentialing.","Physical classrooms, scarce instructors, paper materials, and manual grading.",Candidate-level lead only; authoritative history not yet verified,"Recorded, streamed, and interactive online teaching","Enrollment, pedagogy, special needs, household access, and labor-market demand.",Required synchronous attendance proportion,"Learning, engagement, access, cost",Course-level attendance and outcome studies,"Timetables, contracts, facilities, curricula, and credential recognition.","Institutional calendars, transferability, and qualification comparability.","Education, privacy, accessibility, and accreditation rules apply.","Safeguarding, screen exposure, and high-stakes decision errors matter.","Equity, family schedules, socialization, and labor-market signaling.","Provisional; requires separation of technology from demographic, economic, regulatory, and behavioral change",Potentially tractable with public data or an explicitly calibrated open model; not yet verified,Comparable at the protocol level; outcome units remain case-specific,No retained candidate-specific source yet,Possible if the incumbent remains near-optimal,Technology-governance question concerning persistence under changed constraints,communication; digital delivery,1,3,2,1,1,1,1,0,1,11,,unverified_longlist,longlist,Plausible candidate retained for evidence-first screening; score excludes effect direction and magnitude
ED09,Uniform classroom capacity,education,International or jurisdiction-specific; verify before selection,Fixed student count per room or class,Facility and staffing standards,To be established from authoritative historical sources,"Coordinate mass instruction, assessment, and credentialing.","Physical classrooms, scarce instructors, paper materials, and manual grading.",Candidate-level lead only; authoritative history not yet verified,Hybrid participation and adaptive room allocation,"Enrollment, pedagogy, special needs, household access, and labor-market demand.",Physical and remote seat allocation,"Learning, crowding, cost, access",School facilities and enrollment data,"Timetables, contracts, facilities, curricula, and credential recognition.","Institutional calendars, transferability, and qualification comparability.","Education, privacy, accessibility, and accreditation rules apply.","Safeguarding, screen exposure, and high-stakes decision errors matter.","Equity, family schedules, socialization, and labor-market signaling.","Provisional; requires separation of technology from demographic, economic, regulatory, and behavioral change",Potentially tractable with public data or an explicitly calibrated open model; not yet verified,Comparable at the protocol level; outcome units remain case-specific,No retained candidate-specific source yet,Possible if the incumbent remains near-optimal,Technology-governance question concerning persistence under changed constraints,communication; digital coordination,1,3,2,1,1,1,1,0,1,11,,unverified_longlist,longlist,Plausible candidate retained for evidence-first screening; score excludes effect direction and magnitude
ED10,Fixed school start times,education,International or jurisdiction-specific; verify before selection,Common early-morning start by school tier,Transport and institutional coordination,To be established from authoritative historical sources,"Coordinate mass instruction, assessment, and credentialing.","Physical classrooms, scarce instructors, paper materials, and manual grading.",Candidate-level lead only; authoritative history not yet verified,Routing software and digital coordination,"Enrollment, pedagogy, special needs, household access, and labor-market demand.",Start times and bus-route schedule,"Sleep, attendance, transport cost, family burden",District schedules; time-use and transport data,"Timetables, contracts, facilities, curricula, and credential recognition.","Institutional calendars, transferability, and qualification comparability.","Education, privacy, accessibility, and accreditation rules apply.","Safeguarding, screen exposure, and high-stakes decision errors matter.","Equity, family schedules, socialization, and labor-market signaling.","Provisional; requires separation of technology from demographic, economic, regulatory, and behavioral change",Potentially tractable with public data or an explicitly calibrated open model; not yet verified,Comparable at the protocol level; outcome units remain case-specific,No retained candidate-specific source yet,Possible if the incumbent remains near-optimal,Technology-governance question concerning persistence under changed constraints,computation; coordination,1,3,2,1,1,1,1,0,1,11,,unverified_longlist,longlist,Plausible candidate retained for evidence-first screening; score excludes effect direction and magnitude
HC01,Intermittent vital-sign rounds,healthcare,International or jurisdiction-specific; verify before selection,Vitals measured at fixed multi-hour intervals,Ward observation protocols,To be established from authoritative historical sources,Deliver safe care with periodic observation and standardized workflows.,"Manual records, intermittent measurement, limited connectivity, and scarce staff.",Candidate-level lead only; authoritative history not yet verified,Continuous wearable and bedside monitoring,"Population age, disease burden, staffing, treatment options, and privacy expectations.",Measurement and escalation frequency,"Detection delay, alarm burden, workload, outcomes",MIMIC waveform/clinical data where permitted,"Clinical validation, devices, workflow redesign, training, and liability.","Interoperability across clinicians, devices, records, and payers.","Medical-device, privacy, reimbursement, and professional rules apply.","False alarms, missed deterioration, dosing errors, and cybersecurity are binding.","Caregiver burden, antimicrobial resistance, access, and public health.","Provisional; requires separation of technology from demographic, economic, regulatory, and behavioral change",Potentially tractable with public data or an explicitly calibrated open model; not yet verified,Comparable at the protocol level; outcome units remain case-specific,No retained candidate-specific source yet,Possible if the incumbent remains near-optimal,Technology-governance question concerning persistence under changed constraints,sensing; communication,1,3,2,1,1,1,1,0,1,11,,unverified_longlist,longlist,Plausible candidate retained for evidence-first screening; score excludes effect direction and magnitude
HC02,Fixed medication rounds,healthcare,International or jurisdiction-specific; verify before selection,Medication delivery at common ward times,Nursing workflow and pharmacy schedules,To be established from authoritative historical sources,Deliver safe care with periodic observation and standardized workflows.,"Manual records, intermittent measurement, limited connectivity, and scarce staff.",Candidate-level lead only; authoritative history not yet verified,Electronic administration records and smart dispensing,"Population age, disease burden, staffing, treatment options, and privacy expectations.",Dose timing and delivery route,"Timeliness, errors, workload, sleep disruption",Open medication-administration studies,"Clinical validation, devices, workflow redesign, training, and liability.","Interoperability across clinicians, devices, records, and payers.","Medical-device, privacy, reimbursement, and professional rules apply.","False alarms, missed deterioration, dosing errors, and cybersecurity are binding.","Caregiver burden, antimicrobial resistance, access, and public health.","Provisional; requires separation of technology from demographic, economic, regulatory, and behavioral change",Potentially tractable with public data or an explicitly calibrated open model; not yet verified,Comparable at the protocol level; outcome units remain case-specific,No retained candidate-specific source yet,Possible if the incumbent remains near-optimal,Technology-governance question concerning persistence under changed constraints,communication; automation,1,3,2,1,1,1,1,0,1,11,,unverified_longlist,longlist,Plausible candidate retained for evidence-first screening; score excludes effect direction and magnitude
HC03,Finger-stick glucose schedules,healthcare,International or jurisdiction-specific; verify before selection,Periodic capillary glucose measurement,Diabetes management protocols,To be established from authoritative historical sources,Deliver safe care with periodic observation and standardized workflows.,"Manual records, intermittent measurement, limited connectivity, and scarce staff.",Candidate-level lead only; authoritative history not yet verified,Continuous glucose monitoring and automated insulin delivery,"Population age, disease burden, staffing, treatment options, and privacy expectations.",Measurement and insulin-control policy,"Time in range, hypoglycemia, burden, cost",Open glucose datasets and trial summaries,"Clinical validation, devices, workflow redesign, training, and liability.","Interoperability across clinicians, devices, records, and payers.","Medical-device, privacy, reimbursement, and professional rules apply.","False alarms, missed deterioration, dosing errors, and cybersecurity are binding.","Caregiver burden, antimicrobial resistance, access, and public health.","Provisional; requires separation of technology from demographic, economic, regulatory, and behavioral change",Potentially tractable with public data or an explicitly calibrated open model; not yet verified,Comparable at the protocol level; outcome units remain case-specific,No retained candidate-specific source yet,Possible if the incumbent remains near-optimal,Technology-governance question concerning persistence under changed constraints,sensing; adaptive control,1,3,2,1,1,1,1,0,1,11,,unverified_longlist,longlist,Plausible candidate retained for evidence-first screening; score excludes effect direction and magnitude
HC04,Calendar device follow-up,healthcare,International or jurisdiction-specific; verify before selection,Fixed in-person check intervals for implanted devices,Clinical follow-up guidance,To be established from authoritative historical sources,Deliver safe care with periodic observation and standardized workflows.,"Manual records, intermittent measurement, limited connectivity, and scarce staff.",Candidate-level lead only; authoritative history not yet verified,Remote device telemetry,"Population age, disease burden, staffing, treatment options, and privacy expectations.",Follow-up interval and alert trigger,"Detection, visits, workload, safety",Device registries and remote-monitoring trials,"Clinical validation, devices, workflow redesign, training, and liability.","Interoperability across clinicians, devices, records, and payers.","Medical-device, privacy, reimbursement, and professional rules apply.","False alarms, missed deterioration, dosing errors, and cybersecurity are binding.","Caregiver burden, antimicrobial resistance, access, and public health.","Provisional; requires separation of technology from demographic, economic, regulatory, and behavioral change",Potentially tractable with public data or an explicitly calibrated open model; not yet verified,Comparable at the protocol level; outcome units remain case-specific,No retained candidate-specific source yet,Possible if the incumbent remains near-optimal,Technology-governance question concerning persistence under changed constraints,sensing; communication,1,3,2,1,1,1,1,0,1,11,,unverified_longlist,longlist,Plausible candidate retained for evidence-first screening; score excludes effect direction and magnitude
HC05,Uniform appointment slots,healthcare,International or jurisdiction-specific; verify before selection,Fixed-duration outpatient appointment templates,Clinic scheduling practice,To be established from authoritative historical sources,Deliver safe care with periodic observation and standardized workflows.,"Manual records, intermittent measurement, limited connectivity, and scarce staff.",Candidate-level lead only; authoritative history not yet verified,Digital triage and predictive duration models,"Population age, disease burden, staffing, treatment options, and privacy expectations.",Slot length and booking rule,"Wait, overtime, access, clinician load",Open appointment and no-show datasets,"Clinical validation, devices, workflow redesign, training, and liability.","Interoperability across clinicians, devices, records, and payers.","Medical-device, privacy, reimbursement, and professional rules apply.","False alarms, missed deterioration, dosing errors, and cybersecurity are binding.","Caregiver burden, antimicrobial resistance, access, and public health.","Provisional; requires separation of technology from demographic, economic, regulatory, and behavioral change",Potentially tractable with public data or an explicitly calibrated open model; not yet verified,Comparable at the protocol level; outcome units remain case-specific,No retained candidate-specific source yet,Possible if the incumbent remains near-optimal,Technology-governance question concerning persistence under changed constraints,computation; adaptive scheduling,1,3,2,1,1,1,1,0,1,11,,unverified_longlist,longlist,Plausible candidate retained for evidence-first screening; score excludes effect direction and magnitude
HC06,Fixed nurse rounding intervals,healthcare,International or jurisdiction-specific; verify before selection,Hourly or two-hourly purposeful rounding,Hospital nursing protocols,To be established from authoritative historical sources,Deliver safe care with periodic observation and standardized workflows.,"Manual records, intermittent measurement, limited connectivity, and scarce staff.",Candidate-level lead only; authoritative history not yet verified,"Bed-exit, call-bell, and deterioration sensors","Population age, disease burden, staffing, treatment options, and privacy expectations.",Rounding trigger and route,"Falls, response time, workload, privacy",Open inpatient safety studies,"Clinical validation, devices, workflow redesign, training, and liability.","Interoperability across clinicians, devices, records, and payers.","Medical-device, privacy, reimbursement, and professional rules apply.","False alarms, missed deterioration, dosing errors, and cybersecurity are binding.","Caregiver burden, antimicrobial resistance, access, and public health.","Provisional; requires separation of technology from demographic, economic, regulatory, and behavioral change",Potentially tractable with public data or an explicitly calibrated open model; not yet verified,Comparable at the protocol level; outcome units remain case-specific,No retained candidate-specific source yet,Possible if the incumbent remains near-optimal,Technology-governance question concerning persistence under changed constraints,sensing; adaptive control,1,3,2,1,1,1,1,0,1,11,,unverified_longlist,longlist,Plausible candidate retained for evidence-first screening; score excludes effect direction and magnitude
HC07,Paper medication charts,healthcare,International or jurisdiction-specific; verify before selection,Handwritten prescribing and administration record,Paper hospital workflow,To be established from authoritative historical sources,Deliver safe care with periodic observation and standardized workflows.,"Manual records, intermittent measurement, limited connectivity, and scarce staff.",Candidate-level lead only; authoritative history not yet verified,Computerized order entry and decision support,"Population age, disease burden, staffing, treatment options, and privacy expectations.",Order-entry and checking workflow,"Errors, alerts, time, interoperability",Health-IT evaluations and safety reports,"Clinical validation, devices, workflow redesign, training, and liability.","Interoperability across clinicians, devices, records, and payers.","Medical-device, privacy, reimbursement, and professional rules apply.","False alarms, missed deterioration, dosing errors, and cybersecurity are binding.","Caregiver burden, antimicrobial resistance, access, and public health.","Provisional; requires separation of technology from demographic, economic, regulatory, and behavioral change",Potentially tractable with public data or an explicitly calibrated open model; not yet verified,Comparable at the protocol level; outcome units remain case-specific,No retained candidate-specific source yet,Possible if the incumbent remains near-optimal,Technology-governance question concerning persistence under changed constraints,communication; computation,1,3,2,1,1,1,1,0,1,11,,unverified_longlist,longlist,Plausible candidate retained for evidence-first screening; score excludes effect direction and magnitude
HC08,Fixed imaging follow-up intervals,healthcare,International or jurisdiction-specific; verify before selection,Calendar surveillance after a finding,Clinical guidelines,To be established from authoritative historical sources,Deliver safe care with periodic observation and standardized workflows.,"Manual records, intermittent measurement, limited connectivity, and scarce staff.",Candidate-level lead only; authoritative history not yet verified,Risk prediction and image-analysis tools,"Population age, disease burden, staffing, treatment options, and privacy expectations.",Follow-up interval by estimated risk,"Delayed diagnosis, over-testing, burden",Open imaging cohorts where licensed,"Clinical validation, devices, workflow redesign, training, and liability.","Interoperability across clinicians, devices, records, and payers.","Medical-device, privacy, reimbursement, and professional rules apply.","False alarms, missed deterioration, dosing errors, and cybersecurity are binding.","Caregiver burden, antimicrobial resistance, access, and public health.","Provisional; requires separation of technology from demographic, economic, regulatory, and behavioral change",Potentially tractable with public data or an explicitly calibrated open model; not yet verified,Comparable at the protocol level; outcome units remain case-specific,No retained candidate-specific source yet,Possible if the incumbent remains near-optimal,Technology-governance question concerning persistence under changed constraints,computation; personalization,1,3,2,1,1,1,1,0,1,11,,unverified_longlist,longlist,Plausible candidate retained for evidence-first screening; score excludes effect direction and magnitude
HC09,Fixed ambulance posts,healthcare,International or jurisdiction-specific; verify before selection,Ambulances wait at predetermined bases,Emergency medical service deployment practice,To be established from authoritative historical sources,Deliver safe care with periodic observation and standardized workflows.,"Manual records, intermittent measurement, limited connectivity, and scarce staff.",Candidate-level lead only; authoritative history not yet verified,"GPS, live demand prediction, and dynamic relocation","Population age, disease burden, staffing, treatment options, and privacy expectations.",Unit location by time and system state,"Response time, coverage, relocation burden",Open EMS call datasets,"Clinical validation, devices, workflow redesign, training, and liability.","Interoperability across clinicians, devices, records, and payers.","Medical-device, privacy, reimbursement, and professional rules apply.","False alarms, missed deterioration, dosing errors, and cybersecurity are binding.","Caregiver burden, antimicrobial resistance, access, and public health.","Provisional; requires separation of technology from demographic, economic, regulatory, and behavioral change",Potentially tractable with public data or an explicitly calibrated open model; not yet verified,Comparable at the protocol level; outcome units remain case-specific,No retained candidate-specific source yet,Possible if the incumbent remains near-optimal,Technology-governance question concerning persistence under changed constraints,sensing; computation; adaptive control,1,3,2,1,1,1,1,0,1,11,,unverified_longlist,longlist,Plausible candidate retained for evidence-first screening; score excludes effect direction and magnitude
HC10,Periodic hand-hygiene audit,healthcare,International or jurisdiction-specific; verify before selection,Manual observation at sampled times,Infection-control audit practice,To be established from authoritative historical sources,Deliver safe care with periodic observation and standardized workflows.,"Manual records, intermittent measurement, limited connectivity, and scarce staff.",Candidate-level lead only; authoritative history not yet verified,Electronic dispenser and location monitoring,"Population age, disease burden, staffing, treatment options, and privacy expectations.",Audit sampling and feedback frequency,"Compliance, infection proxy, privacy, cost",Hospital studies and dispenser datasets,"Clinical validation, devices, workflow redesign, training, and liability.","Interoperability across clinicians, devices, records, and payers.","Medical-device, privacy, reimbursement, and professional rules apply.","False alarms, missed deterioration, dosing errors, and cybersecurity are binding.","Caregiver burden, antimicrobial resistance, access, and public health.","Provisional; requires separation of technology from demographic, economic, regulatory, and behavioral change",Potentially tractable with public data or an explicitly calibrated open model; not yet verified,Comparable at the protocol level; outcome units remain case-specific,No retained candidate-specific source yet,Possible if the incumbent remains near-optimal,Technology-governance question concerning persistence under changed constraints,sensing; communication,1,3,2,1,1,1,1,0,1,11,,unverified_longlist,longlist,Plausible candidate retained for evidence-first screening; score excludes effect direction and magnitude
PC01,Linear retail barcodes,packaging_consumer,International or jurisdiction-specific; verify before selection,UPC/EAN linear identifiers,GS1 retail identification standards,To be established from authoritative historical sources,"Enable mass manufacture, handling, identification, and retail coordination.","Manual handling, physical shelves, linear scanning, and limited product data.",Candidate-level lead only; authoritative history not yet verified,Two-dimensional codes and networked product data,"E-commerce, demographics, waste policy, and consumer behavior.",Identifier carrier and data payload,"Scan success, traceability, label space, compatibility",GS1 specifications and retailer studies,"Tooling, labels, inventory, retailer systems, and supplier coordination.","Global logistics, retail scanning, compatibility, and installed equipment.","Packaging, labeling, food, waste, and consumer-safety rules apply.","Tamper evidence, child resistance, contamination, and misuse matter.","Material use, waste, transport emissions, and accessibility.","Provisional; requires separation of technology from demographic, economic, regulatory, and behavioral change",Potentially tractable with public data or an explicitly calibrated open model; not yet verified,Comparable at the protocol level; outcome units remain case-specific,No retained candidate-specific source yet,Possible if the incumbent remains near-optimal,Technology-governance question concerning persistence under changed constraints,digital identification,1,2,2,1,1,1,1,0,1,10,,unverified_longlist,longlist,Plausible candidate retained for evidence-first screening; score excludes effect direction and magnitude
PC02,Fixed pallet dimensions,packaging_consumer,International or jurisdiction-specific; verify before selection,Regional standard pallet footprints,Logistics and material-handling standards,To be established from authoritative historical sources,"Enable mass manufacture, handling, identification, and retail coordination.","Manual handling, physical shelves, linear scanning, and limited product data.",Candidate-level lead only; authoritative history not yet verified,Robotic warehouses and flexible handling,"E-commerce, demographics, waste policy, and consumer behavior.",Pallet/container footprint and handling policy,"Cube utilization, damage, compatibility, cost",Freight statistics and warehouse simulations,"Tooling, labels, inventory, retailer systems, and supplier coordination.","Global logistics, retail scanning, compatibility, and installed equipment.","Packaging, labeling, food, waste, and consumer-safety rules apply.","Tamper evidence, child resistance, contamination, and misuse matter.","Material use, waste, transport emissions, and accessibility.","Provisional; requires separation of technology from demographic, economic, regulatory, and behavioral change",Potentially tractable with public data or an explicitly calibrated open model; not yet verified,Comparable at the protocol level; outcome units remain case-specific,No retained candidate-specific source yet,Possible if the incumbent remains near-optimal,Technology-governance question concerning persistence under changed constraints,automation,1,3,2,1,1,1,1,0,1,11,,unverified_longlist,longlist,Plausible candidate retained for evidence-first screening; score excludes effect direction and magnitude
PC03,Shelf-oriented package sizes,packaging_consumer,International or jurisdiction-specific; verify before selection,Packages optimized for retail shelf facings,Retail merchandising and tooling practice,To be established from authoritative historical sources,"Enable mass manufacture, handling, identification, and retail coordination.","Manual handling, physical shelves, linear scanning, and limited product data.",Candidate-level lead only; authoritative history not yet verified,E-commerce fulfillment and automated storage,"E-commerce, demographics, waste policy, and consumer behavior.",Package dimensions and unit count,"Material, damage, storage, transport, access",ISTA studies; carrier package datasets,"Tooling, labels, inventory, retailer systems, and supplier coordination.","Global logistics, retail scanning, compatibility, and installed equipment.","Packaging, labeling, food, waste, and consumer-safety rules apply.","Tamper evidence, child resistance, contamination, and misuse matter.","Material use, waste, transport emissions, and accessibility.","Provisional; requires separation of technology from demographic, economic, regulatory, and behavioral change",Potentially tractable with public data or an explicitly calibrated open model; not yet verified,Comparable at the protocol level; outcome units remain case-specific,No retained candidate-specific source yet,Possible if the incumbent remains near-optimal,Technology-governance question concerning persistence under changed constraints,automation; digital logistics,1,3,2,1,1,1,1,0,1,11,,unverified_longlist,longlist,Plausible candidate retained for evidence-first screening; score excludes effect direction and magnitude
PC04,Fixed blister-pack counts,packaging_consumer,International or jurisdiction-specific; verify before selection,Standard tablet counts and cavity layouts,Pharmaceutical packaging practice,To be established from authoritative historical sources,"Enable mass manufacture, handling, identification, and retail coordination.","Manual handling, physical shelves, linear scanning, and limited product data.",Candidate-level lead only; authoritative history not yet verified,Smart dispensing and adherence monitoring,"E-commerce, demographics, waste policy, and consumer behavior.",Pack size and dosing feedback,"Adherence, waste, safety, cost",Medicine utilization and packaging studies,"Tooling, labels, inventory, retailer systems, and supplier coordination.","Global logistics, retail scanning, compatibility, and installed equipment.","Packaging, labeling, food, waste, and consumer-safety rules apply.","Tamper evidence, child resistance, contamination, and misuse matter.","Material use, waste, transport emissions, and accessibility.","Provisional; requires separation of technology from demographic, economic, regulatory, and behavioral change",Potentially tractable with public data or an explicitly calibrated open model; not yet verified,Comparable at the protocol level; outcome units remain case-specific,No retained candidate-specific source yet,Possible if the incumbent remains near-optimal,Technology-governance question concerning persistence under changed constraints,sensing; digital identification,1,3,2,1,1,1,1,0,1,11,,unverified_longlist,longlist,Plausible candidate retained for evidence-first screening; score excludes effect direction and magnitude
PC05,Standard battery form factors,packaging_consumer,International or jurisdiction-specific; verify before selection,Disposable cylindrical cell sizes,IEC/ANSI battery standards,To be established from authoritative historical sources,"Enable mass manufacture, handling, identification, and retail coordination.","Manual handling, physical shelves, linear scanning, and limited product data.",Candidate-level lead only; authoritative history not yet verified,Rechargeable chemistries and embedded packs,"E-commerce, demographics, waste policy, and consumer behavior.",Cell geometry and replaceability,"Energy density, reuse, safety, compatibility",Battery specifications and lifecycle data,"Tooling, labels, inventory, retailer systems, and supplier coordination.","Global logistics, retail scanning, compatibility, and installed equipment.","Packaging, labeling, food, waste, and consumer-safety rules apply.","Tamper evidence, child resistance, contamination, and misuse matter.","Material use, waste, transport emissions, and accessibility.","Provisional; requires separation of technology from demographic, economic, regulatory, and behavioral change",Potentially tractable with public data or an explicitly calibrated open model; not yet verified,Comparable at the protocol level; outcome units remain case-specific,No retained candidate-specific source yet,Possible if the incumbent remains near-optimal,Technology-governance question concerning persistence under changed constraints,materials; digital management,1,2,2,1,1,1,1,0,1,10,,unverified_longlist,longlist,Plausible candidate retained for evidence-first screening; score excludes effect direction and magnitude
PC06,Fixed appliance test cycles,packaging_consumer,International or jurisdiction-specific; verify before selection,Standard laboratory use cycles for efficiency labels,Energy-label test standards,To be established from authoritative historical sources,"Enable mass manufacture, handling, identification, and retail coordination.","Manual handling, physical shelves, linear scanning, and limited product data.",Candidate-level lead only; authoritative history not yet verified,Connected appliances and field telemetry,"E-commerce, demographics, waste policy, and consumer behavior.",Test-cycle profile and rating method,"Field energy, comparability, gaming risk",Regulatory test data; smart-meter traces,"Tooling, labels, inventory, retailer systems, and supplier coordination.","Global logistics, retail scanning, compatibility, and installed equipment.","Packaging, labeling, food, waste, and consumer-safety rules apply.","Tamper evidence, child resistance, contamination, and misuse matter.","Material use, waste, transport emissions, and accessibility.","Provisional; requires separation of technology from demographic, economic, regulatory, and behavioral change",Potentially tractable with public data or an explicitly calibrated open model; not yet verified,Comparable at the protocol level; outcome units remain case-specific,No retained candidate-specific source yet,Possible if the incumbent remains near-optimal,Technology-governance question concerning persistence under changed constraints,sensing; communication,1,3,2,1,1,1,1,0,1,11,,unverified_longlist,longlist,Plausible candidate retained for evidence-first screening; score excludes effect direction and magnitude
PC07,Static use-by labels,packaging_consumer,International or jurisdiction-specific; verify before selection,Calendar date labels,Food labeling regulation and shelf-life practice,To be established from authoritative historical sources,"Enable mass manufacture, handling, identification, and retail coordination.","Manual handling, physical shelves, linear scanning, and limited product data.",Candidate-level lead only; authoritative history not yet verified,Time-temperature indicators and cold-chain sensing,"E-commerce, demographics, waste policy, and consumer behavior.",Discard threshold based on date or exposure,"Waste, illness risk, cost",Food-waste and cold-chain datasets,"Tooling, labels, inventory, retailer systems, and supplier coordination.","Global logistics, retail scanning, compatibility, and installed equipment.","Packaging, labeling, food, waste, and consumer-safety rules apply.","Tamper evidence, child resistance, contamination, and misuse matter.","Material use, waste, transport emissions, and accessibility.","Provisional; requires separation of technology from demographic, economic, regulatory, and behavioral change",Potentially tractable with public data or an explicitly calibrated open model; not yet verified,Comparable at the protocol level; outcome units remain case-specific,No retained candidate-specific source yet,Possible if the incumbent remains near-optimal,Technology-governance question concerning persistence under changed constraints,sensing,1,3,2,1,1,1,1,0,1,11,,unverified_longlist,longlist,Plausible candidate retained for evidence-first screening; score excludes effect direction and magnitude
PC08,Fixed deposit denominations,packaging_consumer,International or jurisdiction-specific; verify before selection,Uniform container return deposit,Bottle-bill statutes,To be established from authoritative historical sources,"Enable mass manufacture, handling, identification, and retail coordination.","Manual handling, physical shelves, linear scanning, and limited product data.",Candidate-level lead only; authoritative history not yet verified,Digital return identification and account-based incentives,"E-commerce, demographics, waste policy, and consumer behavior.",Deposit by container and behavior,"Return rate, fraud, equity, administration",Bottle-return program data,"Tooling, labels, inventory, retailer systems, and supplier coordination.","Global logistics, retail scanning, compatibility, and installed equipment.","Packaging, labeling, food, waste, and consumer-safety rules apply.","Tamper evidence, child resistance, contamination, and misuse matter.","Material use, waste, transport emissions, and accessibility.","Provisional; requires separation of technology from demographic, economic, regulatory, and behavioral change",Potentially tractable with public data or an explicitly calibrated open model; not yet verified,Comparable at the protocol level; outcome units remain case-specific,No retained candidate-specific source yet,Possible if the incumbent remains near-optimal,Technology-governance question concerning persistence under changed constraints,digital identification; adaptive incentives,1,3,2,1,1,1,1,0,1,11,,unverified_longlist,longlist,Plausible candidate retained for evidence-first screening; score excludes effect direction and magnitude
PC09,Printed instruction leaflets,packaging_consumer,International or jurisdiction-specific; verify before selection,Fixed paper instructions packaged with products,Consumer-product and medicine labeling,To be established from authoritative historical sources,"Enable mass manufacture, handling, identification, and retail coordination.","Manual handling, physical shelves, linear scanning, and limited product data.",Candidate-level lead only; authoritative history not yet verified,QR-linked updateable and accessible instructions,"E-commerce, demographics, waste policy, and consumer behavior.",Content medium and update process,"Comprehension, currency, access, privacy",Recall notices and usability studies,"Tooling, labels, inventory, retailer systems, and supplier coordination.","Global logistics, retail scanning, compatibility, and installed equipment.","Packaging, labeling, food, waste, and consumer-safety rules apply.","Tamper evidence, child resistance, contamination, and misuse matter.","Material use, waste, transport emissions, and accessibility.","Provisional; requires separation of technology from demographic, economic, regulatory, and behavioral change",Potentially tractable with public data or an explicitly calibrated open model; not yet verified,Comparable at the protocol level; outcome units remain case-specific,No retained candidate-specific source yet,Possible if the incumbent remains near-optimal,Technology-governance question concerning persistence under changed constraints,communication; digital distribution,1,3,2,1,1,1,1,0,1,11,,unverified_longlist,longlist,Plausible candidate retained for evidence-first screening; score excludes effect direction and magnitude
PC10,Fixed serving-size declarations,packaging_consumer,International or jurisdiction-specific; verify before selection,Standard reference amounts on labels,Nutrition labeling regulation,To be established from authoritative historical sources,"Enable mass manufacture, handling, identification, and retail coordination.","Manual handling, physical shelves, linear scanning, and limited product data.",Candidate-level lead only; authoritative history not yet verified,Personalized digital dietary tools,"E-commerce, demographics, waste policy, and consumer behavior.",Reference portion and personalized display,"Comprehension, intake, comparability, equity",Nutrition surveys and labeling experiments,"Tooling, labels, inventory, retailer systems, and supplier coordination.","Global logistics, retail scanning, compatibility, and installed equipment.","Packaging, labeling, food, waste, and consumer-safety rules apply.","Tamper evidence, child resistance, contamination, and misuse matter.","Material use, waste, transport emissions, and accessibility.","Provisional; requires separation of technology from demographic, economic, regulatory, and behavioral change",Potentially tractable with public data or an explicitly calibrated open model; not yet verified,Comparable at the protocol level; outcome units remain case-specific,No retained candidate-specific source yet,Possible if the incumbent remains near-optimal,Technology-governance question concerning persistence under changed constraints,computation; personalization,1,3,2,1,1,1,1,0,1,11,,unverified_longlist,longlist,Plausible candidate retained for evidence-first screening; score excludes effect direction and magnitude
PD01,Letter versus A4 paper,paper_digital_legacy,International or jurisdiction-specific; verify before selection,National paper-size standards,ISO and national paper standards,To be established from authoritative historical sources,"Coordinate documents, communication, and human input across fixed media.","Printing presses, paper handling, mechanical keyboards, and low-bandwidth systems.",Candidate-level lead only; authoritative history not yet verified,Predominantly digital document exchange and responsive layout,"Globalization, accessibility, digital workflows, and device diversity.",Physical page size and digital default,"Compatibility, printing waste, readability, migration cost",Printer and paper market data; ISO specifications,"Installed documents, archives, software, user habits, and legal recognition.","Compatibility across users, devices, institutions, and historical records.","Records, accessibility, evidence, telecom, and identity rules may apply.","Authentication, legibility, emergency use, and archival integrity matter.","Paper use, exclusion, fraud, and communication errors.","Provisional; requires separation of technology from demographic, economic, regulatory, and behavioral change",Potentially tractable with public data or an explicitly calibrated open model; not yet verified,Comparable at the protocol level; outcome units remain case-specific,No retained candidate-specific source yet,Possible if the incumbent remains near-optimal,Technology-governance question concerning persistence under changed constraints,digital distribution,1,2,2,1,1,1,1,0,1,10,,unverified_longlist,longlist,Plausible candidate retained for evidence-first screening; score excludes effect direction and magnitude
PD02,QWERTY keyboard layout,paper_digital_legacy,International or jurisdiction-specific; verify before selection,QWERTY-family key arrangement,Typewriter-era de facto standard,To be established from authoritative historical sources,"Coordinate documents, communication, and human input across fixed media.","Printing presses, paper handling, mechanical keyboards, and low-bandwidth systems.",Candidate-level lead only; authoritative history not yet verified,"Touchscreens, predictive text, speech, and remapping","Globalization, accessibility, digital workflows, and device diversity.",Input mapping or modality,"Speed, errors, learning, accessibility",Open typing datasets and controlled studies,"Installed documents, archives, software, user habits, and legal recognition.","Compatibility across users, devices, institutions, and historical records.","Records, accessibility, evidence, telecom, and identity rules may apply.","Authentication, legibility, emergency use, and archival integrity matter.","Paper use, exclusion, fraud, and communication errors.","Provisional; requires separation of technology from demographic, economic, regulatory, and behavioral change",Potentially tractable with public data or an explicitly calibrated open model; not yet verified,Comparable at the protocol level; outcome units remain case-specific,No retained candidate-specific source yet,Possible if the incumbent remains near-optimal,Technology-governance question concerning persistence under changed constraints,computation; adaptive interface,1,3,2,1,1,1,1,0,1,11,,unverified_longlist,longlist,Plausible candidate retained for evidence-first screening; score excludes effect direction and magnitude
PD03,Eighty-column text width,paper_digital_legacy,International or jurisdiction-specific; verify before selection,80-character terminal and code convention,Punch-card and terminal constraints,To be established from authoritative historical sources,"Coordinate documents, communication, and human input across fixed media.","Printing presses, paper handling, mechanical keyboards, and low-bandwidth systems.",Candidate-level lead only; authoritative history not yet verified,High-resolution displays and responsive editors,"Globalization, accessibility, digital workflows, and device diversity.",Line-length default,"Readability, review errors, screen use",Open code repositories and experiments,"Installed documents, archives, software, user habits, and legal recognition.","Compatibility across users, devices, institutions, and historical records.","Records, accessibility, evidence, telecom, and identity rules may apply.","Authentication, legibility, emergency use, and archival integrity matter.","Paper use, exclusion, fraud, and communication errors.","Provisional; requires separation of technology from demographic, economic, regulatory, and behavioral change",Potentially tractable with public data or an explicitly calibrated open model; not yet verified,Comparable at the protocol level; outcome units remain case-specific,No retained candidate-specific source yet,Possible if the incumbent remains near-optimal,Technology-governance question concerning persistence under changed constraints,digital display,1,2,2,1,1,1,1,0,1,10,,unverified_longlist,longlist,Plausible candidate retained for evidence-first screening; score excludes effect direction and magnitude
PD04,Fax-based document exchange,paper_digital_legacy,International or jurisdiction-specific; verify before selection,Facsimile transmission as accepted workflow,Telecom and legal-administrative practice,To be established from authoritative historical sources,"Coordinate documents, communication, and human input across fixed media.","Printing presses, paper handling, mechanical keyboards, and low-bandwidth systems.",Candidate-level lead only; authoritative history not yet verified,"Secure portals, structured data exchange, and e-signatures","Globalization, accessibility, digital workflows, and device diversity.",Exchange channel and data structure,"Time, errors, security, interoperability",Sector surveys and incident reports,"Installed documents, archives, software, user habits, and legal recognition.","Compatibility across users, devices, institutions, and historical records.","Records, accessibility, evidence, telecom, and identity rules may apply.","Authentication, legibility, emergency use, and archival integrity matter.","Paper use, exclusion, fraud, and communication errors.","Provisional; requires separation of technology from demographic, economic, regulatory, and behavioral change",Potentially tractable with public data or an explicitly calibrated open model; not yet verified,Comparable at the protocol level; outcome units remain case-specific,No retained candidate-specific source yet,Possible if the incumbent remains near-optimal,Technology-governance question concerning persistence under changed constraints,communication; digital coordination,1,3,2,1,1,1,1,0,1,11,,unverified_longlist,longlist,Plausible candidate retained for evidence-first screening; score excludes effect direction and magnitude
PD05,Wet-ink signatures,paper_digital_legacy,International or jurisdiction-specific; verify before selection,Handwritten signature on paper original,Contract and evidentiary practice,To be established from authoritative historical sources,"Coordinate documents, communication, and human input across fixed media.","Printing presses, paper handling, mechanical keyboards, and low-bandwidth systems.",Candidate-level lead only; authoritative history not yet verified,Cryptographic signatures and identity platforms,"Globalization, accessibility, digital workflows, and device diversity.",Authentication and consent mechanism,"Fraud, friction, access, auditability",Court records; e-signature studies,"Installed documents, archives, software, user habits, and legal recognition.","Compatibility across users, devices, institutions, and historical records.","Records, accessibility, evidence, telecom, and identity rules may apply.","Authentication, legibility, emergency use, and archival integrity matter.","Paper use, exclusion, fraud, and communication errors.","Provisional; requires separation of technology from demographic, economic, regulatory, and behavioral change",Potentially tractable with public data or an explicitly calibrated open model; not yet verified,Comparable at the protocol level; outcome units remain case-specific,No retained candidate-specific source yet,Possible if the incumbent remains near-optimal,Technology-governance question concerning persistence under changed constraints,computation; digital identity,1,3,2,1,1,1,1,0,1,11,,unverified_longlist,longlist,Plausible candidate retained for evidence-first screening; score excludes effect direction and magnitude
PD06,Fixed manuscript pagination,paper_digital_legacy,International or jurisdiction-specific; verify before selection,Page and word constraints designed for print workflows,Publisher production practice,To be established from authoritative historical sources,"Coordinate documents, communication, and human input across fixed media.","Printing presses, paper handling, mechanical keyboards, and low-bandwidth systems.",Candidate-level lead only; authoritative history not yet verified,"Digital submission, XML, and online supplements","Globalization, accessibility, digital workflows, and device diversity.",Length and presentation rules,"Review burden, reproducibility, readability",Journal author guidelines and publication metadata,"Installed documents, archives, software, user habits, and legal recognition.","Compatibility across users, devices, institutions, and historical records.","Records, accessibility, evidence, telecom, and identity rules may apply.","Authentication, legibility, emergency use, and archival integrity matter.","Paper use, exclusion, fraud, and communication errors.","Provisional; requires separation of technology from demographic, economic, regulatory, and behavioral change",Potentially tractable with public data or an explicitly calibrated open model; not yet verified,Comparable at the protocol level; outcome units remain case-specific,No retained candidate-specific source yet,Possible if the incumbent remains near-optimal,Technology-governance question concerning persistence under changed constraints,digital distribution,1,2,2,1,1,1,1,0,1,10,,unverified_longlist,longlist,Plausible candidate retained for evidence-first screening; score excludes effect direction and magnitude
PD07,Twelve-hour clock notation,paper_digital_legacy,International or jurisdiction-specific; verify before selection,AM/PM time representation,Regional civil-time convention,To be established from authoritative historical sources,"Coordinate documents, communication, and human input across fixed media.","Printing presses, paper handling, mechanical keyboards, and low-bandwidth systems.",Candidate-level lead only; authoritative history not yet verified,Digital systems spanning jurisdictions,"Globalization, accessibility, digital workflows, and device diversity.",Time representation and locale handling,"Scheduling errors, usability, compatibility",Incident reports and usability studies,"Installed documents, archives, software, user habits, and legal recognition.","Compatibility across users, devices, institutions, and historical records.","Records, accessibility, evidence, telecom, and identity rules may apply.","Authentication, legibility, emergency use, and archival integrity matter.","Paper use, exclusion, fraud, and communication errors.","Provisional; requires separation of technology from demographic, economic, regulatory, and behavioral change",Potentially tractable with public data or an explicitly calibrated open model; not yet verified,Comparable at the protocol level; outcome units remain case-specific,No retained candidate-specific source yet,Possible if the incumbent remains near-optimal,Technology-governance question concerning persistence under changed constraints,digital coordination,1,2,2,1,1,1,1,0,1,10,,unverified_longlist,longlist,Plausible candidate retained for evidence-first screening; score excludes effect direction and magnitude
PD08,Postal addressing formats,paper_digital_legacy,International or jurisdiction-specific; verify before selection,Country-specific line-oriented addresses,Postal sorting standards,To be established from authoritative historical sources,"Coordinate documents, communication, and human input across fixed media.","Printing presses, paper handling, mechanical keyboards, and low-bandwidth systems.",Candidate-level lead only; authoritative history not yet verified,"Geocoding, digital maps, and global identifiers","Globalization, accessibility, digital workflows, and device diversity.",Address representation and validation,"Delivery success, inclusion, interoperability",Postal standards; open address datasets,"Installed documents, archives, software, user habits, and legal recognition.","Compatibility across users, devices, institutions, and historical records.","Records, accessibility, evidence, telecom, and identity rules may apply.","Authentication, legibility, emergency use, and archival integrity matter.","Paper use, exclusion, fraud, and communication errors.","Provisional; requires separation of technology from demographic, economic, regulatory, and behavioral change",Potentially tractable with public data or an explicitly calibrated open model; not yet verified,Comparable at the protocol level; outcome units remain case-specific,No retained candidate-specific source yet,Possible if the incumbent remains near-optimal,Technology-governance question concerning persistence under changed constraints,computation; digital identification,1,3,2,1,1,1,1,0,1,11,,unverified_longlist,longlist,Plausible candidate retained for evidence-first screening; score excludes effect direction and magnitude
PD09,Fixed form-field lengths,paper_digital_legacy,International or jurisdiction-specific; verify before selection,Legacy database and paper-form character limits,Mainframe and form-design constraints,To be established from authoritative historical sources,"Coordinate documents, communication, and human input across fixed media.","Printing presses, paper handling, mechanical keyboards, and low-bandwidth systems.",Candidate-level lead only; authoritative history not yet verified,Elastic storage and schema validation,"Globalization, accessibility, digital workflows, and device diversity.",Permitted identifier/name/address length,"Rejection, truncation, interoperability",Public digital-service schemas and issue logs,"Installed documents, archives, software, user habits, and legal recognition.","Compatibility across users, devices, institutions, and historical records.","Records, accessibility, evidence, telecom, and identity rules may apply.","Authentication, legibility, emergency use, and archival integrity matter.","Paper use, exclusion, fraud, and communication errors.","Provisional; requires separation of technology from demographic, economic, regulatory, and behavioral change",Potentially tractable with public data or an explicitly calibrated open model; not yet verified,Comparable at the protocol level; outcome units remain case-specific,No retained candidate-specific source yet,Possible if the incumbent remains near-optimal,Technology-governance question concerning persistence under changed constraints,computation; digital records,1,3,2,1,1,1,1,0,1,11,,unverified_longlist,longlist,Plausible candidate retained for evidence-first screening; score excludes effect direction and magnitude
PD10,Fixed telephone numbering plans,paper_digital_legacy,International or jurisdiction-specific; verify before selection,National digit lengths and geographic codes,Telephony switching and regulation,To be established from authoritative historical sources,"Coordinate documents, communication, and human input across fixed media.","Printing presses, paper handling, mechanical keyboards, and low-bandwidth systems.",Candidate-level lead only; authoritative history not yet verified,"Internet calling, number portability, and identity layers","Globalization, accessibility, digital workflows, and device diversity.",Number allocation and identifier architecture,"Exhaustion, routing, fraud, migration cost",ITU and regulator numbering data,"Installed documents, archives, software, user habits, and legal recognition.","Compatibility across users, devices, institutions, and historical records.","Records, accessibility, evidence, telecom, and identity rules may apply.","Authentication, legibility, emergency use, and archival integrity matter.","Paper use, exclusion, fraud, and communication errors.","Provisional; requires separation of technology from demographic, economic, regulatory, and behavioral change",Potentially tractable with public data or an explicitly calibrated open model; not yet verified,Comparable at the protocol level; outcome units remain case-specific,No retained candidate-specific source yet,Possible if the incumbent remains near-optimal,Technology-governance question concerning persistence under changed constraints,communication; digital identity,1,3,2,1,1,1,1,0,1,11,,unverified_longlist,longlist,Plausible candidate retained for evidence-first screening; score excludes effect direction and magnitude
UI01,Flat electricity tariffs,utilities_infrastructure,International or jurisdiction-specific; verify before selection,Uniform volumetric price within broad periods,Manual metering and rate regulation,To be established from authoritative historical sources,Provide reliable utility service using stable centralized operating rules.,"Manual metering, weak telemetry, slow control, and limited forecasting.",Candidate-level lead only; authoritative history not yet verified,Smart meters and automated demand response,"Decarbonization, distributed resources, climate, demand, and asset age.",Retail price by interval and system state,"Peak load, bills, emissions, volatility, equity",Open Power System Data; smart-meter trials,"Long-lived assets, customer equipment, control systems, and tariff migration.",System-wide synchronization and interoperability.,"Utility, environmental, reliability, and rate-setting rules apply.","Service continuity, pressure, voltage, water quality, and fail-safe operation bind.","Emissions, resource depletion, affordability, and resilience.","Provisional; requires separation of technology from demographic, economic, regulatory, and behavioral change",Potentially tractable with public data or an explicitly calibrated open model; not yet verified,Comparable at the protocol level; outcome units remain case-specific,No retained candidate-specific source yet,Possible if the incumbent remains near-optimal,Technology-governance question concerning persistence under changed constraints,sensing; communication; adaptive control,3,3,3,2,2,3,3,3,3,25,,selection_sources_persisted_and_checked,frozen_primary,Interval load and price data plus DOE evidence on AMI-enabled rates permit flat and time-varying tariff objectives to be compared with explicit distributional and transition constraints.
UI02,Fixed transformer tap settings,utilities_infrastructure,International or jurisdiction-specific; verify before selection,Seasonal or manual distribution-voltage settings,Distribution engineering practice,To be established from authoritative historical sources,Provide reliable utility service using stable centralized operating rules.,"Manual metering, weak telemetry, slow control, and limited forecasting.",Candidate-level lead only; authoritative history not yet verified,"On-load tap changers, smart inverters, and feeder sensing","Decarbonization, distributed resources, climate, demand, and asset age.",Voltage-control setpoint by state,"Voltage violations, losses, hosting capacity",OpenDSS feeders and public grid datasets,"Long-lived assets, customer equipment, control systems, and tariff migration.",System-wide synchronization and interoperability.,"Utility, environmental, reliability, and rate-setting rules apply.","Service continuity, pressure, voltage, water quality, and fail-safe operation bind.","Emissions, resource depletion, affordability, and resilience.","Provisional; requires separation of technology from demographic, economic, regulatory, and behavioral change",Potentially tractable with public data or an explicitly calibrated open model; not yet verified,Comparable at the protocol level; outcome units remain case-specific,No retained candidate-specific source yet,Possible if the incumbent remains near-optimal,Technology-governance question concerning persistence under changed constraints,sensing; adaptive control,1,3,2,1,1,1,1,0,1,11,,unverified_longlist,longlist,Plausible candidate retained for evidence-first screening; score excludes effect direction and magnitude
UI03,Constant water pressure targets,utilities_infrastructure,International or jurisdiction-specific; verify before selection,Fixed pressure setpoints and pump schedules,Water utility design practice,To be established from authoritative historical sources,Provide reliable utility service using stable centralized operating rules.,"Manual metering, weak telemetry, slow control, and limited forecasting.",Candidate-level lead only; authoritative history not yet verified,Network pressure sensing and variable-speed pumps,"Decarbonization, distributed resources, climate, demand, and asset age.",Pump speed and pressure by demand,"Energy, leakage, pressure compliance, failures",EPANET benchmark networks and utility demand profiles,"Long-lived assets, customer equipment, control systems, and tariff migration.",System-wide synchronization and interoperability.,"Utility, environmental, reliability, and rate-setting rules apply.","Service continuity, pressure, voltage, water quality, and fail-safe operation bind.","Emissions, resource depletion, affordability, and resilience.","Provisional; requires separation of technology from demographic, economic, regulatory, and behavioral change",Potentially tractable with public data or an explicitly calibrated open model; not yet verified,Comparable at the protocol level; outcome units remain case-specific,No retained candidate-specific source yet,Possible if the incumbent remains near-optimal,Technology-governance question concerning persistence under changed constraints,sensing; adaptive control,1,3,2,1,1,1,1,0,1,11,,unverified_longlist,longlist,Plausible candidate retained for evidence-first screening; score excludes effect direction and magnitude
UI04,Scheduled meter reading,utilities_infrastructure,International or jurisdiction-specific; verify before selection,Monthly or periodic manual meter reads,Utility billing operations,To be established from authoritative historical sources,Provide reliable utility service using stable centralized operating rules.,"Manual metering, weak telemetry, slow control, and limited forecasting.",Candidate-level lead only; authoritative history not yet verified,Advanced metering infrastructure,"Decarbonization, distributed resources, climate, demand, and asset age.",Measurement and billing interval,"Accuracy, cost, detection, privacy",Smart-meter program evaluations,"Long-lived assets, customer equipment, control systems, and tariff migration.",System-wide synchronization and interoperability.,"Utility, environmental, reliability, and rate-setting rules apply.","Service continuity, pressure, voltage, water quality, and fail-safe operation bind.","Emissions, resource depletion, affordability, and resilience.","Provisional; requires separation of technology from demographic, economic, regulatory, and behavioral change",Potentially tractable with public data or an explicitly calibrated open model; not yet verified,Comparable at the protocol level; outcome units remain case-specific,No retained candidate-specific source yet,Possible if the incumbent remains near-optimal,Technology-governance question concerning persistence under changed constraints,sensing; communication,1,3,2,1,1,1,1,0,1,11,,unverified_longlist,longlist,Plausible candidate retained for evidence-first screening; score excludes effect direction and magnitude
UI05,Fixed waste-collection routes,utilities_infrastructure,International or jurisdiction-specific; verify before selection,Recurring route and pickup calendar,Municipal sanitation operations,To be established from authoritative historical sources,Provide reliable utility service using stable centralized operating rules.,"Manual metering, weak telemetry, slow control, and limited forecasting.",Candidate-level lead only; authoritative history not yet verified,"Bin fill sensors, GPS, and dynamic routing","Decarbonization, distributed resources, climate, demand, and asset age.","Pickup day, route, and vehicle assignment","Distance, overflow, emissions, service",Municipal route and fill-level datasets,"Long-lived assets, customer equipment, control systems, and tariff migration.",System-wide synchronization and interoperability.,"Utility, environmental, reliability, and rate-setting rules apply.","Service continuity, pressure, voltage, water quality, and fail-safe operation bind.","Emissions, resource depletion, affordability, and resilience.","Provisional; requires separation of technology from demographic, economic, regulatory, and behavioral change",Potentially tractable with public data or an explicitly calibrated open model; not yet verified,Comparable at the protocol level; outcome units remain case-specific,No retained candidate-specific source yet,Possible if the incumbent remains near-optimal,Technology-governance question concerning persistence under changed constraints,sensing; computation,1,3,2,1,1,1,1,0,1,11,,unverified_longlist,longlist,Plausible candidate retained for evidence-first screening; score excludes effect direction and magnitude
UI06,Astronomical streetlight schedules,utilities_infrastructure,International or jurisdiction-specific; verify before selection,Lights switched by fixed dusk/dawn tables,Street-lighting operations,To be established from authoritative historical sources,Provide reliable utility service using stable centralized operating rules.,"Manual metering, weak telemetry, slow control, and limited forecasting.",Candidate-level lead only; authoritative history not yet verified,"LED dimming, motion sensing, and connected control","Decarbonization, distributed resources, climate, demand, and asset age.",Light level by place and time,"Energy, visibility, ecology, maintenance",Municipal inventories and energy reports,"Long-lived assets, customer equipment, control systems, and tariff migration.",System-wide synchronization and interoperability.,"Utility, environmental, reliability, and rate-setting rules apply.","Service continuity, pressure, voltage, water quality, and fail-safe operation bind.","Emissions, resource depletion, affordability, and resilience.","Provisional; requires separation of technology from demographic, economic, regulatory, and behavioral change",Potentially tractable with public data or an explicitly calibrated open model; not yet verified,Comparable at the protocol level; outcome units remain case-specific,No retained candidate-specific source yet,Possible if the incumbent remains near-optimal,Technology-governance question concerning persistence under changed constraints,sensing; communication; adaptive control,1,3,2,1,1,1,1,0,1,11,,unverified_longlist,longlist,Plausible candidate retained for evidence-first screening; score excludes effect direction and magnitude
UI07,Periodic sewer inspection,utilities_infrastructure,International or jurisdiction-specific; verify before selection,Calendar or rotation-based inspection,Asset-management practice,To be established from authoritative historical sources,Provide reliable utility service using stable centralized operating rules.,"Manual metering, weak telemetry, slow control, and limited forecasting.",Candidate-level lead only; authoritative history not yet verified,"Robotic inspection, distributed sensors, and risk models","Decarbonization, distributed resources, climate, demand, and asset age.",Inspection timing and segment priority,"Failures, overflow, cost, detection",Municipal asset and failure records,"Long-lived assets, customer equipment, control systems, and tariff migration.",System-wide synchronization and interoperability.,"Utility, environmental, reliability, and rate-setting rules apply.","Service continuity, pressure, voltage, water quality, and fail-safe operation bind.","Emissions, resource depletion, affordability, and resilience.","Provisional; requires separation of technology from demographic, economic, regulatory, and behavioral change",Potentially tractable with public data or an explicitly calibrated open model; not yet verified,Comparable at the protocol level; outcome units remain case-specific,No retained candidate-specific source yet,Possible if the incumbent remains near-optimal,Technology-governance question concerning persistence under changed constraints,sensing; computation,1,3,2,1,1,1,1,0,1,11,,unverified_longlist,longlist,Plausible candidate retained for evidence-first screening; score excludes effect direction and magnitude
UI08,Deterministic reserve margins,utilities_infrastructure,International or jurisdiction-specific; verify before selection,Fixed percentage generation-capacity margin,Power-system reliability planning,To be established from authoritative historical sources,Provide reliable utility service using stable centralized operating rules.,"Manual metering, weak telemetry, slow control, and limited forecasting.",Candidate-level lead only; authoritative history not yet verified,Probabilistic forecasting and renewable telemetry,"Decarbonization, distributed resources, climate, demand, and asset age.",Reserve requirement by horizon and state,"Reliability, cost, curtailment, emissions",ENTSO-E/EIA data and adequacy models,"Long-lived assets, customer equipment, control systems, and tariff migration.",System-wide synchronization and interoperability.,"Utility, environmental, reliability, and rate-setting rules apply.","Service continuity, pressure, voltage, water quality, and fail-safe operation bind.","Emissions, resource depletion, affordability, and resilience.","Provisional; requires separation of technology from demographic, economic, regulatory, and behavioral change",Potentially tractable with public data or an explicitly calibrated open model; not yet verified,Comparable at the protocol level; outcome units remain case-specific,No retained candidate-specific source yet,Possible if the incumbent remains near-optimal,Technology-governance question concerning persistence under changed constraints,sensing; computation,1,3,2,1,1,1,1,0,1,11,,unverified_longlist,longlist,Plausible candidate retained for evidence-first screening; score excludes effect direction and magnitude
UI09,Calendar irrigation schedules,utilities_infrastructure,International or jurisdiction-specific; verify before selection,Watering on fixed days or intervals,Irrigation practice and restrictions,To be established from authoritative historical sources,Provide reliable utility service using stable centralized operating rules.,"Manual metering, weak telemetry, slow control, and limited forecasting.",Candidate-level lead only; authoritative history not yet verified,"Soil-moisture sensing, weather forecasts, and automated valves","Decarbonization, distributed resources, climate, demand, and asset age.",Water amount and timing by plot,"Yield, water, energy, runoff",FAO crop data; open weather; field trials,"Long-lived assets, customer equipment, control systems, and tariff migration.",System-wide synchronization and interoperability.,"Utility, environmental, reliability, and rate-setting rules apply.","Service continuity, pressure, voltage, water quality, and fail-safe operation bind.","Emissions, resource depletion, affordability, and resilience.","Provisional; requires separation of technology from demographic, economic, regulatory, and behavioral change",Potentially tractable with public data or an explicitly calibrated open model; not yet verified,Comparable at the protocol level; outcome units remain case-specific,No retained candidate-specific source yet,Possible if the incumbent remains near-optimal,Technology-governance question concerning persistence under changed constraints,sensing; adaptive control,3,3,3,3,3,3,2,3,3,26,,selection_sources_persisted_and_checked,frozen_primary,FAO crop-water methods and complete daily meteorology permit calendar and weather-adaptive irrigation schedules to be compared under crop-water-deficit constraints.
UI10,Fixed district-heating temperatures,utilities_infrastructure,International or jurisdiction-specific; verify before selection,Seasonal supply-temperature curves,District heating design standards,To be established from authoritative historical sources,Provide reliable utility service using stable centralized operating rules.,"Manual metering, weak telemetry, slow control, and limited forecasting.",Candidate-level lead only; authoritative history not yet verified,"Building telemetry, weather forecasts, and network optimization","Decarbonization, distributed resources, climate, demand, and asset age.",Supply temperature and flow by time,"Heat loss, comfort, pump energy, capacity",Open district-energy datasets and weather,"Long-lived assets, customer equipment, control systems, and tariff migration.",System-wide synchronization and interoperability.,"Utility, environmental, reliability, and rate-setting rules apply.","Service continuity, pressure, voltage, water quality, and fail-safe operation bind.","Emissions, resource depletion, affordability, and resilience.","Provisional; requires separation of technology from demographic, economic, regulatory, and behavioral change",Potentially tractable with public data or an explicitly calibrated open model; not yet verified,Comparable at the protocol level; outcome units remain case-specific,No retained candidate-specific source yet,Possible if the incumbent remains near-optimal,Technology-governance question concerning persistence under changed constraints,sensing; computation,1,3,2,1,1,1,1,0,1,11,,unverified_longlist,longlist,Plausible candidate retained for evidence-first screening; score excludes effect direction and magnitude
HD01,Kitchen counter height,household_demography,International or jurisdiction-specific; verify before selection,Uniform residential worktop height,Housing and kitchen design conventions,To be established from authoritative historical sources,Provide mass-market dimensions and defaults for a reference household or body.,"Limited anthropometric data, fixed production, and weak personalization.",Candidate-level lead only; authoritative history not yet verified,Low-cost adjustable mechanisms and mass customization,"Ageing, body-size distributions, disability inclusion, and household composition.",Height or adjustable range,"Posture, reach, cost, accessibility",Anthropometric surveys and building standards,"Housing stock, furniture, appliance tooling, and replacement cycles.","Compatibility with rooms, products, and supply chains.","Housing, accessibility, product, and consumer rules may apply.","Falls, reach, posture, thermal exposure, and misuse matter.","Accessibility, material use, care burden, and housing affordability.","Provisional; requires separation of technology from demographic, economic, regulatory, and behavioral change",Potentially tractable with public data or an explicitly calibrated open model; not yet verified,Comparable at the protocol level; outcome units remain case-specific,No retained candidate-specific source yet,Possible if the incumbent remains near-optimal,Technology-governance question concerning persistence under changed constraints,manufacturing flexibility,1,2,2,1,1,1,1,0,1,10,,unverified_longlist,longlist,Plausible candidate retained for evidence-first screening; score excludes effect direction and magnitude
HD02,Toilet seat height,household_demography,International or jurisdiction-specific; verify before selection,Standard residential fixture height,Plumbing product and building standards,To be established from authoritative historical sources,Provide mass-market dimensions and defaults for a reference household or body.,"Limited anthropometric data, fixed production, and weak personalization.",Candidate-level lead only; authoritative history not yet verified,Accessible variants and flexible manufacturing,"Ageing, body-size distributions, disability inclusion, and household composition.",Height by user population or adjustable design,"Transfers, falls, comfort, cost",Anthropometric and falls data,"Housing stock, furniture, appliance tooling, and replacement cycles.","Compatibility with rooms, products, and supply chains.","Housing, accessibility, product, and consumer rules may apply.","Falls, reach, posture, thermal exposure, and misuse matter.","Accessibility, material use, care burden, and housing affordability.","Provisional; requires separation of technology from demographic, economic, regulatory, and behavioral change",Potentially tractable with public data or an explicitly calibrated open model; not yet verified,Comparable at the protocol level; outcome units remain case-specific,No retained candidate-specific source yet,Possible if the incumbent remains near-optimal,Technology-governance question concerning persistence under changed constraints,manufacturing flexibility,1,2,2,1,1,1,1,0,1,10,,unverified_longlist,longlist,Plausible candidate retained for evidence-first screening; score excludes effect direction and magnitude
HD03,Residential stair geometry,household_demography,International or jurisdiction-specific; verify before selection,Fixed rise/run ranges,Building codes,To be established from authoritative historical sources,Provide mass-market dimensions and defaults for a reference household or body.,"Limited anthropometric data, fixed production, and weak personalization.",Candidate-level lead only; authoritative history not yet verified,"Improved sensing, lifts, and adaptable housing systems","Ageing, body-size distributions, disability inclusion, and household composition.",Stair geometry and alternative circulation,"Falls, space, access, cost",Building codes and injury surveillance,"Housing stock, furniture, appliance tooling, and replacement cycles.","Compatibility with rooms, products, and supply chains.","Housing, accessibility, product, and consumer rules may apply.","Falls, reach, posture, thermal exposure, and misuse matter.","Accessibility, material use, care burden, and housing affordability.","Provisional; requires separation of technology from demographic, economic, regulatory, and behavioral change",Potentially tractable with public data or an explicitly calibrated open model; not yet verified,Comparable at the protocol level; outcome units remain case-specific,No retained candidate-specific source yet,Possible if the incumbent remains near-optimal,Technology-governance question concerning persistence under changed constraints,sensing; assistive technology,1,3,2,1,1,1,1,0,1,11,,unverified_longlist,longlist,Plausible candidate retained for evidence-first screening; score excludes effect direction and magnitude
HD04,Standard bed dimensions,household_demography,International or jurisdiction-specific; verify before selection,Regional fixed mattress sizes,Furniture-market conventions,To be established from authoritative historical sources,Provide mass-market dimensions and defaults for a reference household or body.,"Limited anthropometric data, fixed production, and weak personalization.",Candidate-level lead only; authoritative history not yet verified,Flexible manufacturing and compact-home design,"Ageing, body-size distributions, disability inclusion, and household composition.",Bed footprint and modularity,"Sleep space, housing use, compatibility, cost",Housing and anthropometric surveys,"Housing stock, furniture, appliance tooling, and replacement cycles.","Compatibility with rooms, products, and supply chains.","Housing, accessibility, product, and consumer rules may apply.","Falls, reach, posture, thermal exposure, and misuse matter.","Accessibility, material use, care burden, and housing affordability.","Provisional; requires separation of technology from demographic, economic, regulatory, and behavioral change",Potentially tractable with public data or an explicitly calibrated open model; not yet verified,Comparable at the protocol level; outcome units remain case-specific,No retained candidate-specific source yet,Possible if the incumbent remains near-optimal,Technology-governance question concerning persistence under changed constraints,manufacturing flexibility,1,2,2,1,1,1,1,0,1,10,,unverified_longlist,longlist,Plausible candidate retained for evidence-first screening; score excludes effect direction and magnitude
HD05,Family-size package defaults,household_demography,International or jurisdiction-specific; verify before selection,Pack sizes based on conventional household units,Retail and production practice,To be established from authoritative historical sources,Provide mass-market dimensions and defaults for a reference household or body.,"Limited anthropometric data, fixed production, and weak personalization.",Candidate-level lead only; authoritative history not yet verified,Demand data and flexible packaging,"Ageing, body-size distributions, disability inclusion, and household composition.",Pack size distribution,"Waste, unit cost, convenience, material",Household expenditure and food-waste surveys,"Housing stock, furniture, appliance tooling, and replacement cycles.","Compatibility with rooms, products, and supply chains.","Housing, accessibility, product, and consumer rules may apply.","Falls, reach, posture, thermal exposure, and misuse matter.","Accessibility, material use, care burden, and housing affordability.","Provisional; requires separation of technology from demographic, economic, regulatory, and behavioral change",Potentially tractable with public data or an explicitly calibrated open model; not yet verified,Comparable at the protocol level; outcome units remain case-specific,No retained candidate-specific source yet,Possible if the incumbent remains near-optimal,Technology-governance question concerning persistence under changed constraints,computation; manufacturing flexibility,1,3,2,1,1,1,1,0,1,11,,unverified_longlist,longlist,Plausible candidate retained for evidence-first screening; score excludes effect direction and magnitude
HD06,Residential thermostat guidance,household_demography,International or jurisdiction-specific; verify before selection,Uniform recommended setpoints,Energy-conservation guidance,To be established from authoritative historical sources,Provide mass-market dimensions and defaults for a reference household or body.,"Limited anthropometric data, fixed production, and weak personalization.",Candidate-level lead only; authoritative history not yet verified,Occupancy sensing and personalized control,"Ageing, body-size distributions, disability inclusion, and household composition.",Setpoint by occupant and time,"Energy, health, comfort, affordability","Time-use, health, and smart-thermostat studies","Housing stock, furniture, appliance tooling, and replacement cycles.","Compatibility with rooms, products, and supply chains.","Housing, accessibility, product, and consumer rules may apply.","Falls, reach, posture, thermal exposure, and misuse matter.","Accessibility, material use, care burden, and housing affordability.","Provisional; requires separation of technology from demographic, economic, regulatory, and behavioral change",Potentially tractable with public data or an explicitly calibrated open model; not yet verified,Comparable at the protocol level; outcome units remain case-specific,No retained candidate-specific source yet,Possible if the incumbent remains near-optimal,Technology-governance question concerning persistence under changed constraints,sensing; personalization,1,3,2,1,1,1,1,0,1,11,,unverified_longlist,longlist,Plausible candidate retained for evidence-first screening; score excludes effect direction and magnitude
HD07,Fixed appliance cycle defaults,household_demography,International or jurisdiction-specific; verify before selection,Standard default wash or dry cycle,Appliance design and test practice,To be established from authoritative historical sources,Provide mass-market dimensions and defaults for a reference household or body.,"Limited anthropometric data, fixed production, and weak personalization.",Candidate-level lead only; authoritative history not yet verified,Load sensing and adaptive cycle control,"Ageing, body-size distributions, disability inclusion, and household composition.","Water, temperature, and duration by load","Energy, water, cleaning, fabric wear",Regulatory test data and field studies,"Housing stock, furniture, appliance tooling, and replacement cycles.","Compatibility with rooms, products, and supply chains.","Housing, accessibility, product, and consumer rules may apply.","Falls, reach, posture, thermal exposure, and misuse matter.","Accessibility, material use, care burden, and housing affordability.","Provisional; requires separation of technology from demographic, economic, regulatory, and behavioral change",Potentially tractable with public data or an explicitly calibrated open model; not yet verified,Comparable at the protocol level; outcome units remain case-specific,No retained candidate-specific source yet,Possible if the incumbent remains near-optimal,Technology-governance question concerning persistence under changed constraints,sensing; adaptive control,1,3,2,1,1,1,1,0,1,11,,unverified_longlist,longlist,Plausible candidate retained for evidence-first screening; score excludes effect direction and magnitude
HD08,School furniture dimensions,household_demography,International or jurisdiction-specific; verify before selection,Desk/chair sizes assigned by age bands,Education furniture standards,To be established from authoritative historical sources,Provide mass-market dimensions and defaults for a reference household or body.,"Limited anthropometric data, fixed production, and weak personalization.",Candidate-level lead only; authoritative history not yet verified,Current anthropometry and adjustable furniture,"Ageing, body-size distributions, disability inclusion, and household composition.",Dimension range and assignment rule,"Fit, posture, cost, classroom density",National anthropometric surveys,"Housing stock, furniture, appliance tooling, and replacement cycles.","Compatibility with rooms, products, and supply chains.","Housing, accessibility, product, and consumer rules may apply.","Falls, reach, posture, thermal exposure, and misuse matter.","Accessibility, material use, care burden, and housing affordability.","Provisional; requires separation of technology from demographic, economic, regulatory, and behavioral change",Potentially tractable with public data or an explicitly calibrated open model; not yet verified,Comparable at the protocol level; outcome units remain case-specific,No retained candidate-specific source yet,Possible if the incumbent remains near-optimal,Technology-governance question concerning persistence under changed constraints,sensing; manufacturing flexibility,1,3,2,1,1,1,1,0,1,11,,unverified_longlist,longlist,Plausible candidate retained for evidence-first screening; score excludes effect direction and magnitude
HD09,Clothing-size standards,household_demography,International or jurisdiction-specific; verify before selection,Discrete regional size codes,Apparel standards and industry practice,To be established from authoritative historical sources,Provide mass-market dimensions and defaults for a reference household or body.,"Limited anthropometric data, fixed production, and weak personalization.",Candidate-level lead only; authoritative history not yet verified,Body scanning and made-to-measure production,"Ageing, body-size distributions, disability inclusion, and household composition.",Size grid and labeling,"Fit, returns, inclusion, production complexity",Anthropometric surveys and retail returns,"Housing stock, furniture, appliance tooling, and replacement cycles.","Compatibility with rooms, products, and supply chains.","Housing, accessibility, product, and consumer rules may apply.","Falls, reach, posture, thermal exposure, and misuse matter.","Accessibility, material use, care burden, and housing affordability.","Provisional; requires separation of technology from demographic, economic, regulatory, and behavioral change",Potentially tractable with public data or an explicitly calibrated open model; not yet verified,Comparable at the protocol level; outcome units remain case-specific,No retained candidate-specific source yet,Possible if the incumbent remains near-optimal,Technology-governance question concerning persistence under changed constraints,sensing; computation,1,3,2,1,1,1,1,0,1,11,,unverified_longlist,longlist,Plausible candidate retained for evidence-first screening; score excludes effect direction and magnitude
HD10,Residential occupancy assumptions,household_demography,International or jurisdiction-specific; verify before selection,Design loads based on standard household profiles,Building energy and utility models,To be established from authoritative historical sources,Provide mass-market dimensions and defaults for a reference household or body.,"Limited anthropometric data, fixed production, and weak personalization.",Candidate-level lead only; authoritative history not yet verified,Smart-meter and occupancy data,"Ageing, body-size distributions, disability inclusion, and household composition.",Design profile and diversity factor,"Capacity, energy, comfort, resilience",Residential energy surveys and load profiles,"Housing stock, furniture, appliance tooling, and replacement cycles.","Compatibility with rooms, products, and supply chains.","Housing, accessibility, product, and consumer rules may apply.","Falls, reach, posture, thermal exposure, and misuse matter.","Accessibility, material use, care burden, and housing affordability.","Provisional; requires separation of technology from demographic, economic, regulatory, and behavioral change",Potentially tractable with public data or an explicitly calibrated open model; not yet verified,Comparable at the protocol level; outcome units remain case-specific,No retained candidate-specific source yet,Possible if the incumbent remains near-optimal,Technology-governance question concerning persistence under changed constraints,sensing; computation,1,3,2,1,1,1,1,0,1,11,,unverified_longlist,longlist,Plausible candidate retained for evidence-first screening; score excludes effect direction and magnitude
IS01,Periodic inventory counts,information_scarcity,International or jurisdiction-specific; verify before selection,Cycle counts and annual physical inventory,Accounting and warehouse practice,To be established from authoritative historical sources,Make robust recurring decisions with delayed or aggregated information.,"High sensing, communication, storage, and computation costs.",Candidate-level lead only; authoritative history not yet verified,"RFID, computer vision, and continuous inventory systems","Market volatility, privacy, cyber risk, and organizational complexity.",Count frequency and reconciliation rule,"Stock accuracy, labor, shrinkage, service",Open retail and warehouse datasets,"Sensors, data integration, model validation, and process redesign.","Shared identifiers, data formats, and multi-party coordination.","Privacy, auditability, financial, and sector-specific rules may apply.","Automation error, model drift, and degraded-mode operation matter.","Privacy, discrimination, congestion, waste, and systemic risk.","Provisional; requires separation of technology from demographic, economic, regulatory, and behavioral change",Potentially tractable with public data or an explicitly calibrated open model; not yet verified,Comparable at the protocol level; outcome units remain case-specific,No retained candidate-specific source yet,Possible if the incumbent remains near-optimal,Technology-governance question concerning persistence under changed constraints,sensing; communication,1,3,2,1,1,1,1,0,1,11,,unverified_longlist,longlist,Plausible candidate retained for evidence-first screening; score excludes effect direction and magnitude
IS02,Fixed safety-stock formulas,information_scarcity,International or jurisdiction-specific; verify before selection,Static reorder buffers from historical averages,Inventory-control practice,To be established from authoritative historical sources,Make robust recurring decisions with delayed or aggregated information.,"High sensing, communication, storage, and computation costs.",Candidate-level lead only; authoritative history not yet verified,Streaming demand and supply-chain visibility,"Market volatility, privacy, cyber risk, and organizational complexity.",Safety stock by item and time,"Stockouts, holding, waste, resilience",M5 forecasting; open supply-chain datasets,"Sensors, data integration, model validation, and process redesign.","Shared identifiers, data formats, and multi-party coordination.","Privacy, auditability, financial, and sector-specific rules may apply.","Automation error, model drift, and degraded-mode operation matter.","Privacy, discrimination, congestion, waste, and systemic risk.","Provisional; requires separation of technology from demographic, economic, regulatory, and behavioral change",Potentially tractable with public data or an explicitly calibrated open model; not yet verified,Comparable at the protocol level; outcome units remain case-specific,No retained candidate-specific source yet,Possible if the incumbent remains near-optimal,Technology-governance question concerning persistence under changed constraints,communication; computation,1,3,2,1,1,1,1,0,1,11,,unverified_longlist,longlist,Plausible candidate retained for evidence-first screening; score excludes effect direction and magnitude
IS03,Fixed reorder points,information_scarcity,International or jurisdiction-specific; verify before selection,Static inventory trigger,Inventory-control practice,To be established from authoritative historical sources,Make robust recurring decisions with delayed or aggregated information.,"High sensing, communication, storage, and computation costs.",Candidate-level lead only; authoritative history not yet verified,Real-time sales and probabilistic lead-time forecasts,"Market volatility, privacy, cyber risk, and organizational complexity.",Reorder threshold and quantity by state,"Service, cost, waste, volatility",M5 and retail transaction datasets,"Sensors, data integration, model validation, and process redesign.","Shared identifiers, data formats, and multi-party coordination.","Privacy, auditability, financial, and sector-specific rules may apply.","Automation error, model drift, and degraded-mode operation matter.","Privacy, discrimination, congestion, waste, and systemic risk.","Provisional; requires separation of technology from demographic, economic, regulatory, and behavioral change",Potentially tractable with public data or an explicitly calibrated open model; not yet verified,Comparable at the protocol level; outcome units remain case-specific,No retained candidate-specific source yet,Possible if the incumbent remains near-optimal,Technology-governance question concerning persistence under changed constraints,sensing; computation,1,3,2,1,1,1,1,0,1,11,,unverified_longlist,longlist,Plausible candidate retained for evidence-first screening; score excludes effect direction and magnitude
IS04,Calendar equipment inspection,information_scarcity,International or jurisdiction-specific; verify before selection,Inspection after fixed operating time,Maintenance and safety standards,To be established from authoritative historical sources,Make robust recurring decisions with delayed or aggregated information.,"High sensing, communication, storage, and computation costs.",Candidate-level lead only; authoritative history not yet verified,Continuous condition monitoring,"Market volatility, privacy, cyber risk, and organizational complexity.",Inspection interval and alarm threshold,"Failure, downtime, inspection burden",NASA and PHM condition datasets,"Sensors, data integration, model validation, and process redesign.","Shared identifiers, data formats, and multi-party coordination.","Privacy, auditability, financial, and sector-specific rules may apply.","Automation error, model drift, and degraded-mode operation matter.","Privacy, discrimination, congestion, waste, and systemic risk.","Provisional; requires separation of technology from demographic, economic, regulatory, and behavioral change",Potentially tractable with public data or an explicitly calibrated open model; not yet verified,Comparable at the protocol level; outcome units remain case-specific,No retained candidate-specific source yet,Possible if the incumbent remains near-optimal,Technology-governance question concerning persistence under changed constraints,sensing; computation,1,3,2,1,1,1,1,0,1,11,,unverified_longlist,longlist,Plausible candidate retained for evidence-first screening; score excludes effect direction and magnitude
IS05,Decennial census,information_scarcity,International or jurisdiction-specific; verify before selection,Population enumeration at long fixed intervals,National statistical law and administration,To be established from authoritative historical sources,Make robust recurring decisions with delayed or aggregated information.,"High sensing, communication, storage, and computation costs.",Candidate-level lead only; authoritative history not yet verified,Administrative data integration and digital registers,"Market volatility, privacy, cyber risk, and organizational complexity.",Enumeration frequency and update method,"Accuracy, cost, privacy, representation",National statistics quality reports,"Sensors, data integration, model validation, and process redesign.","Shared identifiers, data formats, and multi-party coordination.","Privacy, auditability, financial, and sector-specific rules may apply.","Automation error, model drift, and degraded-mode operation matter.","Privacy, discrimination, congestion, waste, and systemic risk.","Provisional; requires separation of technology from demographic, economic, regulatory, and behavioral change",Potentially tractable with public data or an explicitly calibrated open model; not yet verified,Comparable at the protocol level; outcome units remain case-specific,No retained candidate-specific source yet,Possible if the incumbent remains near-optimal,Technology-governance question concerning persistence under changed constraints,communication; digital records,1,3,2,1,1,1,1,0,1,11,,unverified_longlist,longlist,Plausible candidate retained for evidence-first screening; score excludes effect direction and magnitude
IS06,Batch financial settlement,information_scarcity,International or jurisdiction-specific; verify before selection,End-of-day or multi-day clearing cycles,Banking operations and legacy systems,To be established from authoritative historical sources,Make robust recurring decisions with delayed or aggregated information.,"High sensing, communication, storage, and computation costs.",Candidate-level lead only; authoritative history not yet verified,Real-time gross settlement and distributed messaging,"Market volatility, privacy, cyber risk, and organizational complexity.",Settlement timing and liquidity rule,"Liquidity, risk, cost, resilience",Central-bank payment statistics,"Sensors, data integration, model validation, and process redesign.","Shared identifiers, data formats, and multi-party coordination.","Privacy, auditability, financial, and sector-specific rules may apply.","Automation error, model drift, and degraded-mode operation matter.","Privacy, discrimination, congestion, waste, and systemic risk.","Provisional; requires separation of technology from demographic, economic, regulatory, and behavioral change",Potentially tractable with public data or an explicitly calibrated open model; not yet verified,Comparable at the protocol level; outcome units remain case-specific,No retained candidate-specific source yet,Possible if the incumbent remains near-optimal,Technology-governance question concerning persistence under changed constraints,communication; automation,1,3,2,1,1,1,1,0,1,11,,unverified_longlist,longlist,Plausible candidate retained for evidence-first screening; score excludes effect direction and magnitude
IS07,Static fraud rules,information_scarcity,International or jurisdiction-specific; verify before selection,Fixed thresholds and manually revised rules,Payment risk-control practice,To be established from authoritative historical sources,Make robust recurring decisions with delayed or aggregated information.,"High sensing, communication, storage, and computation costs.",Candidate-level lead only; authoritative history not yet verified,Streaming analytics and adaptive models,"Market volatility, privacy, cyber risk, and organizational complexity.",Alert and blocking rule by transaction context,"Fraud loss, false positives, bias, latency",Public fraud datasets,"Sensors, data integration, model validation, and process redesign.","Shared identifiers, data formats, and multi-party coordination.","Privacy, auditability, financial, and sector-specific rules may apply.","Automation error, model drift, and degraded-mode operation matter.","Privacy, discrimination, congestion, waste, and systemic risk.","Provisional; requires separation of technology from demographic, economic, regulatory, and behavioral change",Potentially tractable with public data or an explicitly calibrated open model; not yet verified,Comparable at the protocol level; outcome units remain case-specific,No retained candidate-specific source yet,Possible if the incumbent remains near-optimal,Technology-governance question concerning persistence under changed constraints,sensing; computation,1,3,2,1,1,1,1,0,1,11,,unverified_longlist,longlist,Plausible candidate retained for evidence-first screening; score excludes effect direction and magnitude
IS08,Periodic credit scoring,information_scarcity,International or jurisdiction-specific; verify before selection,Score updated at application or reporting cycles,Credit-bureau practice,To be established from authoritative historical sources,Make robust recurring decisions with delayed or aggregated information.,"High sensing, communication, storage, and computation costs.",Candidate-level lead only; authoritative history not yet verified,Open banking and cash-flow analytics,"Market volatility, privacy, cyber risk, and organizational complexity.",Update frequency and feature set,"Default prediction, access, bias, privacy",Public credit datasets and regulatory studies,"Sensors, data integration, model validation, and process redesign.","Shared identifiers, data formats, and multi-party coordination.","Privacy, auditability, financial, and sector-specific rules may apply.","Automation error, model drift, and degraded-mode operation matter.","Privacy, discrimination, congestion, waste, and systemic risk.","Provisional; requires separation of technology from demographic, economic, regulatory, and behavioral change",Potentially tractable with public data or an explicitly calibrated open model; not yet verified,Comparable at the protocol level; outcome units remain case-specific,No retained candidate-specific source yet,Possible if the incumbent remains near-optimal,Technology-governance question concerning persistence under changed constraints,communication; computation,1,3,2,1,1,1,1,0,1,11,,unverified_longlist,longlist,Plausible candidate retained for evidence-first screening; score excludes effect direction and magnitude
IS09,Static hazard maps,information_scarcity,International or jurisdiction-specific; verify before selection,Maps revised on multi-year cycles,Planning and insurance practice,To be established from authoritative historical sources,Make robust recurring decisions with delayed or aggregated information.,"High sensing, communication, storage, and computation costs.",Candidate-level lead only; authoritative history not yet verified,"Remote sensing, IoT gauges, and rapid modeling","Market volatility, privacy, cyber risk, and organizational complexity.",Hazard zone by current conditions,"Warning, exposure, false alarm, planning stability","Open satellite, weather, and hazard data","Sensors, data integration, model validation, and process redesign.","Shared identifiers, data formats, and multi-party coordination.","Privacy, auditability, financial, and sector-specific rules may apply.","Automation error, model drift, and degraded-mode operation matter.","Privacy, discrimination, congestion, waste, and systemic risk.","Provisional; requires separation of technology from demographic, economic, regulatory, and behavioral change",Potentially tractable with public data or an explicitly calibrated open model; not yet verified,Comparable at the protocol level; outcome units remain case-specific,No retained candidate-specific source yet,Possible if the incumbent remains near-optimal,Technology-governance question concerning persistence under changed constraints,sensing; computation,1,3,2,1,1,1,1,0,1,11,,unverified_longlist,longlist,Plausible candidate retained for evidence-first screening; score excludes effect direction and magnitude
IS10,Climatological schedule rules,information_scarcity,International or jurisdiction-specific; verify before selection,Operations based on historical seasonal normals,"Agriculture, energy, and transport planning",To be established from authoritative historical sources,Make robust recurring decisions with delayed or aggregated information.,"High sensing, communication, storage, and computation costs.",Candidate-level lead only; authoritative history not yet verified,High-resolution forecasts and nowcasting,"Market volatility, privacy, cyber risk, and organizational complexity.",Operational trigger by forecast distribution,"Loss, delay, resource use, robustness",Open weather forecasts and observations,"Sensors, data integration, model validation, and process redesign.","Shared identifiers, data formats, and multi-party coordination.","Privacy, auditability, financial, and sector-specific rules may apply.","Automation error, model drift, and degraded-mode operation matter.","Privacy, discrimination, congestion, waste, and systemic risk.","Provisional; requires separation of technology from demographic, economic, regulatory, and behavioral change",Potentially tractable with public data or an explicitly calibrated open model; not yet verified,Comparable at the protocol level; outcome units remain case-specific,No retained candidate-specific source yet,Possible if the incumbent remains near-optimal,Technology-governance question concerning persistence under changed constraints,sensing; computation,1,3,2,1,1,1,1,0,1,11,,unverified_longlist,longlist,Plausible candidate retained for evidence-first screening; score excludes effect direction and magnitude
IS11,Static wayfinding signs,information_scarcity,International or jurisdiction-specific; verify before selection,Fixed directional signage,Road and facility standards,To be established from authoritative historical sources,Make robust recurring decisions with delayed or aggregated information.,"High sensing, communication, storage, and computation costs.",Candidate-level lead only; authoritative history not yet verified,"GPS, indoor positioning, and live routing","Market volatility, privacy, cyber risk, and organizational complexity.",Information channel and route recommendation,"Travel time, accessibility, resilience, privacy",OpenStreetMap and mobility studies,"Sensors, data integration, model validation, and process redesign.","Shared identifiers, data formats, and multi-party coordination.","Privacy, auditability, financial, and sector-specific rules may apply.","Automation error, model drift, and degraded-mode operation matter.","Privacy, discrimination, congestion, waste, and systemic risk.","Provisional; requires separation of technology from demographic, economic, regulatory, and behavioral change",Potentially tractable with public data or an explicitly calibrated open model; not yet verified,Comparable at the protocol level; outcome units remain case-specific,No retained candidate-specific source yet,Possible if the incumbent remains near-optimal,Technology-governance question concerning persistence under changed constraints,communication; computation,1,3,2,1,1,1,1,0,1,11,,unverified_longlist,longlist,Plausible candidate retained for evidence-first screening; score excludes effect direction and magnitude
IS12,Periodic utility-load forecasts,information_scarcity,International or jurisdiction-specific; verify before selection,Daily or seasonal forecast updates,Utility planning practice,To be established from authoritative historical sources,Make robust recurring decisions with delayed or aggregated information.,"High sensing, communication, storage, and computation costs.",Candidate-level lead only; authoritative history not yet verified,Streaming smart-meter and weather data,"Market volatility, privacy, cyber risk, and organizational complexity.",Forecast update interval and reserve response,"Forecast error, reserve cost, reliability",Open energy and weather datasets,"Sensors, data integration, model validation, and process redesign.","Shared identifiers, data formats, and multi-party coordination.","Privacy, auditability, financial, and sector-specific rules may apply.","Automation error, model drift, and degraded-mode operation matter.","Privacy, discrimination, congestion, waste, and systemic risk.","Provisional; requires separation of technology from demographic, economic, regulatory, and behavioral change",Potentially tractable with public data or an explicitly calibrated open model; not yet verified,Comparable at the protocol level; outcome units remain case-specific,No retained candidate-specific source yet,Possible if the incumbent remains near-optimal,Technology-governance question concerning persistence under changed constraints,sensing; computation,1,3,2,1,1,1,1,0,1,11,,unverified_longlist,longlist,Plausible candidate retained for evidence-first screening; score excludes effect direction and magnitude
NC01,ISO shipping-container dimensions,null_controls,International or jurisdiction-specific; verify before selection,ISO intermodal container dimensions and corner fittings,ISO freight-container standards,To be established from authoritative historical sources,Provide durable compatibility and coordination across a large installed base.,Physical interoperability and costly multilateral coordination.,Candidate-level lead only; authoritative history not yet verified,Robotics and digital logistics improve handling without removing physical interchange,"Technology changed, but the coordination function may remain dominant.",Retain or alter container dimensions,"Compatibility, cube utilization, handling cost, stranded assets",ISO specifications and global freight statistics,System-wide replacement and migration are potentially prohibitive.,Very high installed-base and compatibility effects.,International and national standards may apply.,Loss of interoperability can create material hazards.,"Trade, access, resilience, and stranded assets.","Provisional; requires separation of technology from demographic, economic, regulatory, and behavioral change",Potentially tractable with public data or an explicitly calibrated open model; not yet verified,Comparable at the protocol level; outcome units remain case-specific,No retained candidate-specific source yet,High,Technology-governance question concerning persistence under changed constraints,automation; digital coordination,3,2,2,1,1,1,3,2,2,17,,selection_sources_persisted_and_checked,frozen_network_control,ISO container dimensions provide a deliberately high-network-cost comparator where compatibility can rationally dominate technical re-optimization.
NC02,Standard railway gauge,null_controls,International or jurisdiction-specific; verify before selection,Dominant national or regional track gauge,Railway infrastructure standards,To be established from authoritative historical sources,Provide durable compatibility and coordination across a large installed base.,Physical interoperability and costly multilateral coordination.,Candidate-level lead only; authoritative history not yet verified,Advanced bogies and control do not remove network geometry,"Technology changed, but the coordination function may remain dominant.","Retain, convert, or dual-gauge network","Interoperability, capacity, conversion cost, safety",Infrastructure inventories and traffic statistics,System-wide replacement and migration are potentially prohibitive.,Very high installed-base and compatibility effects.,International and national standards may apply.,Loss of interoperability can create material hazards.,"Trade, access, resilience, and stranded assets.","Provisional; requires separation of technology from demographic, economic, regulatory, and behavioral change",Potentially tractable with public data or an explicitly calibrated open model; not yet verified,Comparable at the protocol level; outcome units remain case-specific,No retained candidate-specific source yet,High,Technology-governance question concerning persistence under changed constraints,mechanical adaptation,1,2,2,1,1,1,1,0,1,10,,unverified_longlist,longlist,Plausible candidate retained for evidence-first screening; score excludes effect direction and magnitude
NC03,A-series paper proportions,null_controls,International or jurisdiction-specific; verify before selection,ISO 216 constant-aspect paper series,ISO paper-size standard,To be established from authoritative historical sources,Provide durable compatibility and coordination across a large installed base.,Physical interoperability and costly multilateral coordination.,Candidate-level lead only; authoritative history not yet verified,Digital documents reduce paper use but preserve scaling convenience,"Technology changed, but the coordination function may remain dominant.",Retain or change aspect-ratio series,"Scaling, compatibility, paper use, migration",ISO specifications and printer-market data,System-wide replacement and migration are potentially prohibitive.,Very high installed-base and compatibility effects.,International and national standards may apply.,Loss of interoperability can create material hazards.,"Trade, access, resilience, and stranded assets.","Provisional; requires separation of technology from demographic, economic, regulatory, and behavioral change",Potentially tractable with public data or an explicitly calibrated open model; not yet verified,Comparable at the protocol level; outcome units remain case-specific,No retained candidate-specific source yet,High,Technology-governance question concerning persistence under changed constraints,digital distribution,3,1,3,3,3,3,3,3,2,24,,selection_sources_persisted_and_checked,frozen_null_control,ISO A-series paper provides an analytic null: the square-root-of-two aspect ratio preserves shape under halving and should remain optimal for that unchanged objective.
NC04,Aviation phonetic alphabet,null_controls,International or jurisdiction-specific; verify before selection,ICAO spelling alphabet,International aviation and radio standardization,To be established from authoritative historical sources,Provide durable compatibility and coordination across a large installed base.,Physical interoperability and costly multilateral coordination.,Candidate-level lead only; authoritative history not yet verified,Digital datalink supplements but does not eliminate degraded voice channels,"Technology changed, but the coordination function may remain dominant.",Retain or redesign code words,"Comprehension, error, multilingual robustness, retraining",ICAO material and communication studies,System-wide replacement and migration are potentially prohibitive.,Very high installed-base and compatibility effects.,International and national standards may apply.,Loss of interoperability can create material hazards.,"Trade, access, resilience, and stranded assets.","Provisional; requires separation of technology from demographic, economic, regulatory, and behavioral change",Potentially tractable with public data or an explicitly calibrated open model; not yet verified,Comparable at the protocol level; outcome units remain case-specific,No retained candidate-specific source yet,High,Technology-governance question concerning persistence under changed constraints,communication,1,3,2,1,1,1,1,0,1,11,,unverified_longlist,longlist,Plausible candidate retained for evidence-first screening; score excludes effect direction and magnitude
NC05,SI base units,null_controls,International or jurisdiction-specific; verify before selection,International System of Units,International metrology agreements,To be established from authoritative historical sources,Provide durable compatibility and coordination across a large installed base.,Physical interoperability and costly multilateral coordination.,Candidate-level lead only; authoritative history not yet verified,Digital measurement increases precision but benefits from common units,"Technology changed, but the coordination function may remain dominant.",Retain or change unit definitions and dissemination,"Traceability, compatibility, conversion risk",BIPM publications and calibration data,System-wide replacement and migration are potentially prohibitive.,Very high installed-base and compatibility effects.,International and national standards may apply.,Loss of interoperability can create material hazards.,"Trade, access, resilience, and stranded assets.","Provisional; requires separation of technology from demographic, economic, regulatory, and behavioral change",Potentially tractable with public data or an explicitly calibrated open model; not yet verified,Comparable at the protocol level; outcome units remain case-specific,No retained candidate-specific source yet,High,Technology-governance question concerning persistence under changed constraints,sensing; computation,1,3,2,1,1,1,1,0,1,11,,unverified_longlist,longlist,Plausible candidate retained for evidence-first screening; score excludes effect direction and magnitude
NC06,Emergency exit pictograms,null_controls,International or jurisdiction-specific; verify before selection,Standardized graphical exit signs,Fire-safety and signage standards,To be established from authoritative historical sources,Provide durable compatibility and coordination across a large installed base.,Physical interoperability and costly multilateral coordination.,Candidate-level lead only; authoritative history not yet verified,Digital signage can adapt but static fail-safe symbols remain valuable,"Technology changed, but the coordination function may remain dominant.",Static versus adaptive sign system,"Recognition, power-loss resilience, compatibility",Standards and human-factors studies,System-wide replacement and migration are potentially prohibitive.,Very high installed-base and compatibility effects.,International and national standards may apply.,Loss of interoperability can create material hazards.,"Trade, access, resilience, and stranded assets.","Provisional; requires separation of technology from demographic, economic, regulatory, and behavioral change",Potentially tractable with public data or an explicitly calibrated open model; not yet verified,Comparable at the protocol level; outcome units remain case-specific,No retained candidate-specific source yet,High,Technology-governance question concerning persistence under changed constraints,digital display,1,2,2,1,1,1,1,0,1,10,,unverified_longlist,longlist,Plausible candidate retained for evidence-first screening; score excludes effect direction and magnitude
NC07,Electrical plug and socket systems,null_controls,International or jurisdiction-specific; verify before selection,National plug/socket geometries and voltages,National electrical standards,To be established from authoritative historical sources,Provide durable compatibility and coordination across a large installed base.,Physical interoperability and costly multilateral coordination.,Candidate-level lead only; authoritative history not yet verified,Power electronics enable adapters but installed-base and safety constraints persist,"Technology changed, but the coordination function may remain dominant.",Retain or migrate connector system,"Safety, compatibility, conversion cost, e-waste",IEC/regulator specifications and market data,System-wide replacement and migration are potentially prohibitive.,Very high installed-base and compatibility effects.,International and national standards may apply.,Loss of interoperability can create material hazards.,"Trade, access, resilience, and stranded assets.","Provisional; requires separation of technology from demographic, economic, regulatory, and behavioral change",Potentially tractable with public data or an explicitly calibrated open model; not yet verified,Comparable at the protocol level; outcome units remain case-specific,No retained candidate-specific source yet,High,Technology-governance question concerning persistence under changed constraints,power electronics,1,2,2,1,1,1,1,0,1,10,,unverified_longlist,longlist,Plausible candidate retained for evidence-first screening; score excludes effect direction and magnitude
NC08,Fire-hose coupling standards,null_controls,International or jurisdiction-specific; verify before selection,Regional standardized hose connections,Fire-service interoperability standards,To be established from authoritative historical sources,Provide durable compatibility and coordination across a large installed base.,Physical interoperability and costly multilateral coordination.,Candidate-level lead only; authoritative history not yet verified,Adapters and logistics software do not remove emergency interchange value,"Technology changed, but the coordination function may remain dominant.",Retain or harmonize coupling,"Connection success, response, migration cost",Fire standards and equipment inventories,System-wide replacement and migration are potentially prohibitive.,Very high installed-base and compatibility effects.,International and national standards may apply.,Loss of interoperability can create material hazards.,"Trade, access, resilience, and stranded assets.","Provisional; requires separation of technology from demographic, economic, regulatory, and behavioral change",Potentially tractable with public data or an explicitly calibrated open model; not yet verified,Comparable at the protocol level; outcome units remain case-specific,No retained candidate-specific source yet,High,Technology-governance question concerning persistence under changed constraints,digital coordination,1,2,2,1,1,1,1,0,1,10,,unverified_longlist,longlist,Plausible candidate retained for evidence-first screening; score excludes effect direction and magnitude
NC09,Maritime distress signal SOS,null_controls,International or jurisdiction-specific; verify before selection,Internationally recognized distress signal,International radiotelegraph convention,To be established from authoritative historical sources,Provide durable compatibility and coordination across a large installed base.,Physical interoperability and costly multilateral coordination.,Candidate-level lead only; authoritative history not yet verified,Satellite and digital distress systems supplement legacy channels,"Technology changed, but the coordination function may remain dominant.",Retain or retire legacy signal,"Recognition, redundancy, training cost",IMO/ITU rules and incident records,System-wide replacement and migration are potentially prohibitive.,Very high installed-base and compatibility effects.,International and national standards may apply.,Loss of interoperability can create material hazards.,"Trade, access, resilience, and stranded assets.","Provisional; requires separation of technology from demographic, economic, regulatory, and behavioral change",Potentially tractable with public data or an explicitly calibrated open model; not yet verified,Comparable at the protocol level; outcome units remain case-specific,No retained candidate-specific source yet,High,Technology-governance question concerning persistence under changed constraints,communication,1,3,2,1,1,1,1,0,1,11,,unverified_longlist,longlist,Plausible candidate retained for evidence-first screening; score excludes effect direction and magnitude
NC10,Standard pallet labels,null_controls,International or jurisdiction-specific; verify before selection,Globally standardized logistics label fields,GS1 logistics standards,To be established from authoritative historical sources,Provide durable compatibility and coordination across a large installed base.,Physical interoperability and costly multilateral coordination.,Candidate-level lead only; authoritative history not yet verified,Machine vision and RFID supplement rather than negate shared identifiers,"Technology changed, but the coordination function may remain dominant.",Retain or change identifier schema,"Interoperability, error, migration, traceability",GS1 specifications and logistics studies,System-wide replacement and migration are potentially prohibitive.,Very high installed-base and compatibility effects.,International and national standards may apply.,Loss of interoperability can create material hazards.,"Trade, access, resilience, and stranded assets.","Provisional; requires separation of technology from demographic, economic, regulatory, and behavioral change",Potentially tractable with public data or an explicitly calibrated open model; not yet verified,Comparable at the protocol level; outcome units remain case-specific,No retained candidate-specific source yet,High,Technology-governance question concerning persistence under changed constraints,digital identification,1,2,2,1,1,1,1,0,1,10,,unverified_longlist,longlist,Plausible candidate retained for evidence-first screening; score excludes effect direction and magnitude
